#{"t_start": 1789588117.2260764, "env_id": "None"}
r,l,t
-116.428236,33,3.415989
-109.710227,22,4.740622
-213.78772,281,21.265187
-4.880961,300,39.299206
-77.693268,30,41.062998
-152.370286,97,47.115333
133.258664,135,54.48777
-100.019787,1,54.610573
-158.738898,69,58.827312
-276.47274,300,77.069888
-72.910792,300,95.289695
-84.509721,250,110.784371
-88.192723,300,128.545921
-36.077496,300,146.202459
-187.487131,1,146.292097
-99.368358,1,146.6596
-100.733019,4,147.293964
-61.298823,300,164.605375
16.504212,300,182.12404
-99.805932,1,183.170291
-157.132356,98,190.539805
-143.604297,63,194.387717
-26.427664,300,212.083743
-93.452758,32,214.210546
-108.58981,300,231.61385
-92.081591,31,233.671429
-180.614109,227,248.011127
-100.647171,1,248.130729
-99.94884,1,248.383683
-99.850002,1,249.625881
-1.778984,300,267.389518
-100.038693,1,267.647603
-100.061877,1,267.938912
-212.256806,1,268.651457
-150.591117,227,282.715214
-2.018214,65,286.62539
-90.941972,15,287.527539
-100.360735,1,289.64094
170.930494,170,299.404339
-100.024403,1,299.801135
42.429612,300,317.3462
-55.146583,300,337.058909
-5.889793,299,354.589848
-91.833444,103,360.827389
-81.418355,15,361.879881
102.208736,300,379.896243
-49.731521,181,390.468074
-97.313512,6,390.890444
66.110345,300,408.53971
51.326721,300,426.330896
-107.621476,97,432.726058
133.053813,300,450.719635
230.917627,296,467.944565
-100.065485,1,468.426588
51.272267,300,486.103318
-20.492934,197,497.386755
-6.165204,300,514.635234
131.396444,143,523.1771
-99.601546,1,525.118071
105.077049,20,527.680992
-115.909069,5,530.027675
100.56008,300,548.788192
-63.928013,132,556.708325
-77.964783,44,559.648872
202.242595,288,576.676079
107.471359,300,594.20519
147.31579,92,599.64389
-59.903738,170,609.319072
110.462276,245,623.800207
266.846533,275,641.681523
-65.353768,300,659.332661
161.82295,103,665.886083
-26.373399,300,683.828746
112.981807,91,689.423498
-55.630096,300,706.465697
-100.039482,1,706.930183
26.379852,300,723.945031
-100.411083,20,725.487625
189.672941,94,732.87865
-82.456306,146,741.598976
-100.067296,1,743.693235
221.400391,225,757.7484
14.339615,300,775.878745
187.021003,240,791.488629
-100.021015,1,792.702586
45.89362,300,811.756215
-100.060272,1,811.925412
-87.779608,48,815.533738
149.565491,140,823.994862
-12.785025,113,830.851559
-99.926906,1,832.954432
187.475479,121,840.382601
-100.083111,1,840.619832
141.570042,237,854.317713
92.34515,227,867.624844
-99.85152,1,867.819218
136.848538,126,875.133639
-100.068561,1,875.824847
-99.13004,21,877.930845
162.47504,197,890.273567
-107.860337,250,904.723406
-99.364403,1,906.221991
-100.264251,7,907.607256
-100.056594,1,909.694207
-100.07173,1,910.50896
-99.719542,2,910.796345
-106.096975,22,912.112226
181.507131,143,921.604585
-100.073808,1,922.785769
207.324243,235,936.718113
-128.976802,76,941.071345
-24.882637,190,952.625044
136.131661,229,966.466572
153.149153,100,973.736129
244.162848,210,987.820789
-99.371621,1,988.386611
-48.539652,132,995.975963
169.501786,96,1001.924396
142.54063,55,1005.169119
199.27083,167,1016.008318
-101.442177,6,1017.431237
-92.714817,29,1020.485637
-100.059996,1,1022.140571
213.787582,186,1033.184321
180.434448,94,1039.105932
119.376179,85,1044.094467
202.076663,247,1060.235459
152.560251,97,1065.837749
241.567541,228,1079.027373
130.801445,160,1089.039047
207.938931,124,1096.830104
139.357791,105,1103.034494
-65.539664,129,1110.562713
54.560883,300,1128.503909
149.189405,166,1138.24028
231.084792,226,1152.977213
155.780231,95,1158.757931
123.391445,34,1162.457463
177.38651,181,1173.640856
250.221688,240,1189.44117
175.95635,185,1200.386795
197.39985,105,1208.376637
137.435135,47,1211.355431
165.814679,147,1219.940371
-14.073801,4,1222.186534
220.342136,227,1236.05081
187.333273,121,1243.203946
197.423572,117,1250.184931
188.21539,214,1264.375266
149.92727,82,1269.670946
163.486116,136,1277.802974
-230.286521,1,1278.673617
-100.272129,1,1280.353049
-96.088064,21,1282.327543
141.523866,91,1287.986672
206.367018,154,1297.918067
142.874641,117,1304.858846
189.456384,85,1310.679253
166.975283,108,1317.136825
107.595875,300,1334.558934
230.652048,193,1346.224144
308.800406,151,1356.981054
191.869228,244,1371.289052
179.602566,119,1378.170717
168.192924,87,1383.515258
176.822177,111,1390.029466
-100.231908,5,1390.497344
-135.763604,1,1390.795843
206.249144,149,1399.767645
178.947749,107,1406.06851
-116.988969,2,1407.581758
-98.890197,68,1412.027412
138.168347,86,1417.272402
-100.066278,1,1418.439295
-106.677492,7,1419.119435
152.880314,95,1424.910288
168.260753,114,1432.476559
203.982539,151,1441.797394
142.137278,51,1444.944701
127.608027,32,1447.045584
124.947299,65,1451.041725
-29.085416,110,1457.926083
170.76415,92,1464.189782
162.192861,77,1469.564423
119.39212,32,1471.906948
170.258045,102,1478.083818
156.343798,75,1482.698461
99.929645,1,1483.00937
151.448018,82,1488.19052
191.026845,115,1495.413126
230.778396,154,1506.151554
-93.222769,12,1507.845602
-100.055728,1,1509.951449
173.692162,201,1521.644261
-57.352449,6,1524.03797
-100.071175,1,1526.09809
152.937605,254,1543.225893
108.914818,117,1550.277759
310.898361,79,1555.00484
217.433758,179,1565.516704
140.791669,153,1574.778467
143.09287,106,1581.978372
135.351831,34,1584.058282
179.576775,109,1592.507042
175.732833,124,1599.606649
229.196376,74,1605.86485
177.989393,82,1610.68723
-67.38371,83,1615.855946
155.084726,91,1621.239975
150.458604,94,1626.618595
-26.682122,183,1637.452592
193.025729,115,1644.603549
-54.000695,85,1649.517617
-58.587863,96,1656.54774
171.703261,96,1662.195495
-26.462416,159,1671.895214
142.018577,48,1675.017841
183.046552,82,1680.978632
-24.555992,132,1689.31986
160.626962,93,1695.527901
161.527149,69,1699.992422
187.29225,155,1710.534343
-65.557267,89,1716.229302
151.53422,94,1722.959537
99.913149,1,1723.134664
118.3017,20,1724.474599
-40.874057,117,1731.517627
-52.592429,133,1739.234328
138.735577,52,1742.482932
-132.8135,1,1743.512777
174.061385,120,1752.285023
174.884111,176,1763.109825
245.92897,246,1778.399465
151.643474,86,1783.66628
-99.82399,1,1784.316573
183.852086,108,1790.680622
-100.081593,1,1791.515963
172.25046,74,1795.989616
191.375064,156,1805.175608
193.900743,123,1812.389238
-214.774772,1,1812.821847
183.301023,103,1819.444634
166.39357,89,1825.085966
120.217719,29,1827.145982
191.746256,110,1834.180528
134.347784,54,1837.428199
209.313367,115,1845.128659
-47.631624,118,1852.302262
-27.989709,141,1860.769928
188.630626,93,1866.327887
-101.858384,72,1870.758936
-78.963279,50,1873.933517
191.363171,139,1882.295928
-96.935784,5,1882.81016
-203.55581,1,1883.822305
179.569009,119,1891.246147
-58.065488,136,1900.044999
231.35152,167,1909.660751
179.887999,99,1915.506657
188.22476,114,1923.152816
183.525138,101,1930.723739
-72.83115,118,1938.533939
134.797658,48,1941.873883
225.821255,189,1953.26447
228.283138,157,1962.388815
231.795825,224,1976.027735
238.175196,140,1985.109957
-100.075165,1,1985.740822
245.697832,156,1995.209635
-34.626849,206,2007.362023
217.601258,137,2016.556778
-83.090516,11,2019.22634
138.372521,78,2023.818594
175.632905,125,2031.268628
-99.917832,1,2031.389481
121.008397,49,2034.281193
-100.068361,1,2034.506174
140.755441,93,2040.415356
-104.100181,16,2041.367979
-100.299275,1,2043.42792
203.49412,109,2050.856855
179.484023,103,2056.871896
-103.300093,100,2062.709759
124.244572,22,2065.229964
143.420455,83,2071.487628
133.587354,69,2075.787427
169.71888,56,2079.123508
-99.912292,1,2079.654261
-56.247342,103,2085.953517
149.336675,70,2090.089282
-81.521488,42,2094.563102
134.386731,64,2098.562284
220.159481,115,2105.301572
-85.883537,54,2110.146228
-100.051446,1,2110.454562
192.345041,79,2115.502255
-100.104623,1,2115.757842
109.566467,28,2117.638915
-46.498476,94,2124.530095
174.286844,76,2128.953979
-86.521176,36,2131.099527
183.347569,141,2139.437084
107.240185,15,2142.14068
124.032839,139,2152.828121
134.46815,36,2155.123584
190.045833,97,2160.797611
199.531337,39,2163.440899
116.081587,24,2165.222525
161.662498,82,2169.994429
198.044769,137,2178.341323
174.082323,80,2183.593078
149.316305,105,2189.585456
148.758888,79,2196.1006
-49.938643,74,2200.396848
143.275492,61,2204.146805
160.023227,91,2210.028234
-100.056242,1,2211.118846
238.534382,139,2219.184996
-15.265821,15,2222.058895
218.441501,120,2229.223931
-100.054912,1,2229.90919
-99.904084,1,2232.027866
227.259883,147,2241.381931
144.657704,57,2244.83022
-26.800446,130,2252.705283
-20.474774,147,2261.559364
190.866115,125,2270.183114
-100.098935,1,2270.59429
251.614252,220,2283.532724
150.29617,95,2290.015953
142.499927,85,2294.86857
159.358512,73,2300.718332
-99.964348,1,2301.6315
204.425087,94,2308.036709
-1.773409,1,2308.570295
257.916117,257,2323.966206
257.475497,172,2334.679227
-99.474882,1,2334.954721
132.244228,169,2346.10108
239.481642,147,2356.351319
244.36146,151,2365.87558
-100.160878,1,2366.048364
190.812726,121,2373.294623
-99.863124,1,2373.42797
209.800907,126,2380.772345
205.746693,122,2387.829631
-66.611691,15,2390.765466
-99.898192,1,2390.957839
137.063287,56,2394.370437
-100.100161,1,2395.110786
202.333139,149,2404.442082
-40.736361,1,2406.551499
-99.883312,1,2408.678213
-100.055971,1,2410.739511
123.604489,138,2420.773654
183.655689,119,2429.485183
-173.268452,1,2430.65518
-29.481018,125,2437.952556
204.695438,143,2447.961316
134.618794,84,2454.823033
161.921357,79,2459.690468
103.338233,3,2461.912205
-99.52195,1,2463.744999
258.632145,146,2472.849663
128.892149,41,2475.229771
227.065333,145,2485.375882
-200.07891,1,2485.618243
240.792088,188,2497.159822
179.323822,75,2501.797034
164.688776,70,2506.325637
125.248366,78,2510.961448
163.212006,203,2524.696332
-100.070545,1,2524.81012
215.686857,173,2536.568791
143.515653,55,2540.218585
131.761821,69,2545.731224
169.542313,138,2554.537187
-82.5525,89,2560.360269
-84.943708,25,2561.826853
198.45412,119,2568.674912
156.27443,139,2576.964441
-100.057958,1,2578.140975
172.003663,127,2585.560422
136.041463,52,2590.29262
-100.046137,1,2590.411606
-27.230407,225,2605.2381
166.076427,102,2612.286598
201.380546,180,2622.758619
195.614391,104,2629.917844
181.837729,148,2639.993286
120.499728,18,2642.253641
116.914848,36,2644.536831
155.362971,56,2647.823484
215.734377,174,2657.776604
178.364843,116,2664.676705
193.4353,105,2671.6752
192.148643,99,2678.41585
198.964897,126,2685.895329
196.500265,99,2692.112895
-126.87538,1,2692.327371
-100.055939,1,2693.414172
172.031383,135,2701.353739
134.100847,204,2713.253773
154.618578,93,2718.689626
170.917283,66,2722.7126
-100.075124,1,2723.051662
-100.110044,1,2724.025352
216.737835,150,2732.816816
151.132226,44,2735.552855
126.808522,35,2737.694421
242.868723,241,2752.165457
198.794742,127,2759.945395
146.944824,48,2763.479312
116.91196,34,2767.199862
167.310568,86,2772.626475
128.420645,37,2775.336402
-103.692607,21,2777.496299
126.31636,47,2780.410275
112.576053,60,2784.179084
140.91541,57,2787.984516
124.25993,153,2798.665199
225.007854,150,2807.319088
218.100486,143,2815.843213
203.669511,132,2823.945323
232.815505,123,2831.310204
166.510159,84,2836.280972
158.361052,93,2842.178399
-100.081281,1,2843.150667
151.388336,86,2849.177466
169.888527,84,2854.113572
-99.87487,1,2854.307258
-100.630065,1,2855.322691
190.358844,83,2860.507697
158.846602,59,2864.242288
162.200324,84,2869.244854
10.753518,1,2869.643497
143.425825,92,2875.649552
244.198917,165,2885.107997
-100.072878,1,2885.571419
-100.10998,1,2887.170432
225.520613,153,2897.696385
-84.369479,177,2908.218248
109.690354,153,2917.342638
177.665285,103,2924.15572
-100.026463,1,2924.421574
172.834906,137,2933.276366
-29.797246,140,2941.81458
154.007012,45,2944.784658
212.097869,142,2953.510896
215.478474,118,2960.638792
-106.047706,2,2961.004648
99.938885,1,2961.417672
213.001574,97,2967.471442
184.51132,97,2973.307883
187.471526,101,2979.400531
239.892296,117,2986.205762
190.303281,90,2991.514227
185.445207,89,2997.693413
145.776899,124,3004.911768
150.465751,93,3010.450482
169.296603,123,3019.178062
-99.848479,2,3019.435673
163.568624,100,3025.89092
154.842902,47,3028.713834
151.484166,44,3031.722302
-46.818993,90,3037.195851
220.143597,111,3043.834569
-4.655267,149,3052.96616
154.581549,74,3057.229894
146.72468,63,3061.164247
-99.999792,1,3062.143989
190.255177,99,3069.018945
-100.099033,1,3069.276912
-99.749755,1,3071.363576
-107.125747,30,3074.57402
-100.51305,8,3076.002919
210.41776,118,3083.968532
153.061646,51,3087.118759
245.145142,151,3096.075417
133.458612,77,3100.795038
153.210759,54,3104.004201
127.340946,47,3106.807542
-158.566001,1,3108.282222
-100.064004,1,3109.837764
128.141627,58,3114.875284
210.661496,98,3120.93248
186.2925,75,3125.721166
204.357293,136,3133.574925
190.957374,90,3140.760864
275.522736,184,3151.221894
123.554724,77,3156.178161
160.374286,80,3160.789523
233.499725,135,3169.522127
-100.406352,1,3169.635736
-100.092424,1,3171.699809
-292.641958,2,3173.871177
-100.051616,1,3174.227119
222.476821,74,3179.266902
150.903387,88,3184.489483
213.942208,115,3192.740541
197.396117,89,3198.332296
131.854357,55,3203.513861
170.980872,22,3206.215288
171.922556,133,3213.916582
164.384379,83,3219.098995
99.908127,1,3221.164466
228.804307,140,3230.236582
-100.137486,1,3230.352058
202.15702,126,3238.463829
-5.586934,1,3238.692021
220.483089,127,3246.781993
208.718199,115,3253.584402
-69.463943,99,3259.709252
271.125257,153,3269.056651
-89.300876,100,3275.239691
123.329361,57,3278.754981
232.765233,108,3285.641269
-85.694497,81,3292.397183
177.15558,99,3299.192723
-218.681997,1,3299.570835
152.077375,58,3303.398259
159.59405,59,3306.86366
151.522544,74,3311.157697
131.285109,49,3315.178762
187.102858,94,3321.153893
-99.831441,3,3321.389297
-57.145227,81,3326.088189
123.258165,17,3327.374618
105.35368,10,3328.079043
-45.996009,130,3335.844805
177.93766,129,3343.385135
252.450855,82,3348.769071
176.787616,99,3354.842703
142.207432,87,3361.827205
-36.28915,128,3370.264924
175.552596,86,3375.304888
152.100862,59,3379.256466
141.416893,54,3382.583221
188.966523,71,3386.838548
157.767548,48,3390.700761
-27.229998,130,3399.739375
-100.543397,1,3401.856635
192.155218,108,3409.340776
10.27218,9,3411.916227
230.110463,102,3418.444299
0.176904,95,3423.946925
-100.0765,1,3426.055066
-119.595108,19,3429.199642
159.183716,161,3440.512584
-98.788055,4,3442.755174
-100.458329,1,3444.871328
197.526476,97,3452.300856
177.870706,89,3459.519138
161.941444,97,3465.152829
166.338259,114,3471.760315
193.378836,110,3478.507055
143.673081,63,3482.490375
-100.198259,3,3483.129067
147.617855,99,3489.57727
145.015516,69,3493.863942
135.427944,30,3495.799511
-240.801626,1,3496.02705
1076.856673,1,3496.393805
-98.356459,1,3496.707092
214.189006,118,3503.452302
163.644633,100,3510.1682
182.267794,111,3517.021057
-100.078705,1,3517.247096
193.635594,81,3523.675944
191.179602,93,3529.556664
230.26891,122,3536.942969
145.529259,38,3539.485042
-39.242224,146,3549.838156
-100.156999,3,3550.545499
194.993907,69,3554.55615
167.112299,90,3560.230359
-100.284915,1,3560.357459
245.199306,139,3568.447797
219.316377,122,3577.464792
117.930226,61,3581.528354
-47.59164,2,3583.690298
222.975395,120,3592.624039
-100.196059,2,3592.816489
116.207132,48,3595.96462
222.070222,87,3603.500089
156.017533,84,3609.129593
129.418082,80,3614.320719
-130.655097,2,3614.474491
129.50324,32,3616.603667
178.881668,121,3624.459541
153.185819,90,3629.64787
-98.564433,55,3633.474697
-99.80526,1,3633.653703
173.927078,65,3637.490145
140.148541,45,3641.580789
-100.065672,1,3642.919986
-100.839304,2,3643.951615
-26.52146,1,3646.0653
120.495265,18,3647.336719
99.938456,1,3648.443219
211.307336,157,3658.180878
165.297613,38,3662.448256
200.50552,85,3667.544799
187.355862,97,3674.783296
147.772373,39,3677.23398
-99.993583,1,3677.865216
190.107893,77,3682.652981
169.469617,27,3684.403657
193.615143,118,3691.469836
-99.49854,1,3692.493989
-100.084681,1,3694.594332
-100.059155,1,3695.842239
175.916447,92,3701.683345
-99.96491,1,3702.115762
-100.074208,1,3703.352807
-97.681186,10,3704.52722
-100.097998,1,3704.756121
-99.981704,1,3705.276157
-100.065418,1,3707.043727
-99.796113,1,3708.017547
-99.912481,1,3708.509839
-109.190516,1,3708.627756
-100.092359,1,3708.750711
-89.839988,44,3711.423542
191.950432,67,3715.604249
160.065268,65,3720.083465
178.729053,100,3726.005066
218.739788,215,3740.317375
-97.093014,6,3740.650423
178.477065,99,3746.702305
170.709677,66,3750.820594
223.899948,126,3758.346423
-40.943234,8,3760.848956
127.552782,34,3763.676254
126.859348,26,3765.893588
219.124934,109,3772.145332
-99.551222,1,3772.660929
217.717589,138,3780.824148
-99.903089,1,3781.147659
124.161348,54,3784.687265
195.617508,82,3789.459361
129.953329,27,3791.762784
180.310907,84,3797.056568
109.341603,24,3798.821995
190.415281,102,3804.667872
201.438952,80,3809.281893
-71.492447,55,3812.940258
174.725491,52,3816.110706
223.327026,94,3821.794785
234.13438,107,3828.408467
149.391052,39,3830.655266
231.491648,133,3839.212152
210.016305,61,3842.816807
160.559825,120,3851.686675
-100.628012,1,3852.3443
162.559119,61,3855.820709
169.485573,161,3867.356565
150.686334,42,3869.844362
204.00409,115,3877.616298
201.939461,114,3884.38208
171.006513,85,3890.902176
155.848124,58,3894.582383
154.096153,75,3900.371391
156.159397,92,3905.880172
-61.541039,59,3910.68738
241.254289,117,3917.664407
104.899527,13,3919.408562
-100.081939,1,3920.313611
-99.871981,1,3920.938668
-69.157413,35,3923.071198
98.433586,149,3933.446047
163.088077,52,3936.570642
110.418665,9,3938.839869
-100.059962,1,3939.636192
-100.085804,1,3939.807419
134.014204,151,3948.377934
166.165434,97,3954.395403
143.266615,75,3958.89808
-26.027142,144,3967.219496
104.637845,14,3968.176208
-100.327033,1,3968.35125
-100.099801,1,3970.435723
-100.082147,1,3972.536774
227.862944,142,3981.900513
184.33195,76,3988.481815
131.580637,43,3991.001238
171.224001,38,3994.747703
187.696929,132,4003.12022
156.283049,58,4007.543833
219.623175,107,4013.811403
149.361798,45,4016.622351
163.747524,64,4020.590111
230.03012,187,4032.748965
188.197907,61,4037.285308
-100.035282,1,4037.599289
133.531871,42,4040.231984
-80.961703,46,4042.967257
188.749463,103,4049.075422
3.55158,67,4054.917603
141.982409,32,4058.239437
167.611944,73,4063.600274
180.198679,93,4069.638453
-100.164997,1,4070.964134
171.195482,62,4074.846236
141.577207,15,4077.436208
148.610485,47,4080.341443
234.822413,134,4088.282704
-100.415521,1,4088.397764
-88.17886,102,4095.8977
131.085763,41,4099.31858
-100.052478,1,4100.288316
-99.927974,1,4102.370326
-100.058107,1,4104.439254
111.925967,20,4107.631204
196.06555,76,4112.634882
207.294055,88,4118.07451
211.442336,169,4127.980919
-71.651374,87,4133.718508
186.513933,60,4137.399291
-67.596367,53,4140.752541
119.076881,15,4141.72991
192.994411,86,4146.676744
188.069521,105,4153.211901
144.097345,101,4159.254152
-39.32811,53,4162.891967
185.569837,95,4168.54416
142.001827,32,4171.429545
-45.563361,110,4177.677362
204.04438,96,4183.633779
135.221516,41,4186.331518
152.627194,47,4189.255975
192.352119,88,4194.789282
-26.889582,99,4200.952025
-99.851343,1,4202.652427
134.11021,49,4206.079198
176.786185,67,4210.639029
174.31782,69,4214.811047
148.947558,44,4217.471861
-13.646811,123,4225.300148
-69.533233,86,4230.347561
161.160724,47,4233.961076
117.225327,33,4236.626198
195.799392,84,4241.551278
188.75338,91,4248.265895
168.593623,80,4252.900907
226.601827,97,4258.464724
56.818849,9,4261.020778
-100.062426,1,4261.881856
16.909326,157,4272.032476
159.29124,93,4277.963879
-100.788394,6,4279.498738
149.757752,42,4282.344512
-54.538615,120,4289.437106
121.021709,22,4290.917507
233.507029,102,4296.770286
113.810141,24,4298.700732
141.918239,36,4301.763154
195.614577,127,4311.008259
226.211124,101,4317.878278
224.032909,46,4320.821797
189.704182,75,4325.994061
152.790788,74,4330.228666
151.597391,58,4333.943023
149.226103,60,4337.551588
184.642812,79,4343.084588
207.86579,93,4350.37264
-59.160143,41,4354.766171
141.943191,38,4357.024535
213.916655,159,4367.933272
173.609103,60,4371.991356
212.516242,112,4378.906905
-99.417211,1,4379.696404
-99.920189,1,4380.281537
179.797094,56,4383.591687
144.487067,39,4386.346255
136.404162,76,4390.878195
180.086458,67,4394.768432
221.632648,124,4403.023727
-100.083019,1,4403.416064
223.356143,124,4411.157086
-126.679238,1,4412.083372
223.297573,116,4419.069683
167.042652,68,4423.174534
155.394867,67,4427.417403
163.808427,101,4433.45174
182.762888,113,4441.913578
-99.414901,1,4443.185533
186.233853,71,4447.713875
103.703224,16,4449.528435
174.001883,67,4454.1348
141.900983,44,4458.308207
-100.541015,2,4458.770763
-139.679913,1,4459.610499
171.258409,59,4463.41964
-99.799718,1,4463.536728
-81.531541,36,4465.971996
-22.665978,118,4474.996073
-212.936371,1,4475.09099
-39.343293,115,4482.037567
206.006581,126,4489.440493
168.651883,87,4495.249706
219.157401,101,4501.044268
124.785634,41,4503.475698
147.305196,92,4508.875815
149.591984,45,4511.872876
148.287117,80,4516.648719
-64.792378,96,4523.327813
194.90824,67,4527.538287
165.483196,103,4534.114074
220.188288,108,4540.803635
138.199593,37,4544.682332
192.25077,67,4548.671175
162.204256,65,4552.809022
-86.496316,1,4554.408692
-50.0884,1,4554.810848
195.607986,97,4562.043447
-23.982851,105,4569.117782
220.232484,95,4574.783551
147.26595,71,4579.023937
170.918109,153,4587.862535
242.36583,123,4595.330034
104.371911,8,4596.032514
185.122837,93,4601.574382
-44.799206,4,4603.812537
228.176622,132,4613.142586
139.503776,40,4616.2168
-100.202858,3,4618.116336
178.204878,73,4623.68642
180.742252,99,4630.43949
243.248901,133,4638.46236
213.165136,92,4643.942603
127.272112,36,4646.130203
178.683071,98,4651.985383
144.222243,43,4654.537819
171.707058,79,4659.441319
162.438285,114,4666.58844
204.269226,95,4672.426258
155.089423,67,4677.535226
-100.06078,1,4677.877155
-102.298299,11,4678.963731
178.438814,84,4683.859717
198.532497,95,4689.642396
-100.191041,1,4690.285583
116.658517,29,4692.410191
116.458126,13,4693.672362
166.501486,52,4696.683652
-23.858726,222,4709.873654
215.168208,97,4715.452826
194.113861,110,4721.852658
-93.442992,41,4724.731984
-100.079277,1,4724.911139
242.750606,158,4734.144709
245.678961,62,4739.730638
-99.583957,1,4740.181478
230.066258,119,4747.21817
263.22828,138,4755.109
189.911413,120,4763.150445
117.045636,22,4764.509216
-6.830965,107,4772.316532
137.211281,37,4774.469266
-100.062492,1,4775.105917
152.333644,54,4778.51932
212.836511,119,4786.983985
129.908536,22,4788.483548
-100.154991,1,4788.601268
191.959665,75,4793.04762
135.235426,46,4795.755792
176.304177,81,4801.046573
-109.946606,111,4807.838627
-100.05575,1,4808.032923
-206.924145,1,4808.201495
188.698748,71,4812.897326
167.956499,78,4818.119573
-96.749726,4,4818.909622
154.169473,43,4821.463753
147.461814,52,4824.762526
144.134339,61,4828.364348
-100.050086,1,4829.956878
-99.708326,1,4831.556794
-202.200239,1,4831.765074
153.962619,71,4836.280886
164.605465,47,4839.251428
141.517883,55,4843.415477
227.939729,109,4850.527491
254.914425,71,4856.57714
-54.007746,81,4862.132436
191.464944,99,4869.442596
188.433244,105,4876.559662
159.07525,48,4881.313681
170.034597,69,4885.723873
229.156384,100,4891.439129
-100.540627,17,4893.304235
-100.089999,1,4895.410746
-234.113242,10,4897.964365
144.167703,67,4902.31079
170.952792,59,4905.957265
181.814124,70,4910.273749
-99.437165,1,4910.416474
190.478756,78,4915.16792
192.439979,114,4921.874444
192.617704,89,4926.991584
152.376875,39,4931.11979
185.851686,101,4937.145358
167.384751,90,4942.570261
199.724706,122,4949.780134
-99.496701,1,4950.123223
214.876375,120,4957.481668
216.435614,126,4964.750307
-99.949101,1,4965.840547
111.694451,44,4968.668345
-29.919376,131,4976.607225
213.131982,115,4984.117123
135.703314,41,4987.149541
198.062004,80,4991.78063
123.542059,55,4995.205929
162.139616,49,4998.463995
203.556651,98,5004.396106
-95.607856,19,5005.624095
-29.721649,138,5013.900807
2.036388,129,5021.322588
-92.158075,30,5023.097294
145.676627,42,5025.664539
236.788007,167,5035.690519
244.102128,125,5043.27613
-99.943765,1,5044.360351
-100.064418,1,5045.086514
-100.067388,1,5045.336493
203.900282,89,5050.834201
202.426359,86,5056.045109
200.971279,116,5063.332967
203.014726,107,5069.834133
248.103018,147,5078.525135
115.697977,23,5081.074652
-100.097111,1,5081.944763
200.687372,120,5089.027331
3.566861,1,5089.54998
-58.263128,127,5096.970322
144.748894,29,5099.099815
185.617527,54,5103.455547
-100.107905,1,5103.858077
134.996179,54,5107.156924
147.117088,65,5111.399538
141.492923,76,5117.748483
213.006609,115,5124.659758
238.56111,141,5133.248766
227.026798,122,5140.516028
171.561807,78,5147.0052
163.548028,62,5150.59078
217.310031,139,5159.025523
-100.063115,1,5159.254948
131.486284,28,5161.58353
115.859089,30,5163.667852
-85.897194,28,5166.495462
-100.052465,1,5166.721272
163.807032,49,5169.602367
148.40057,42,5172.862002
-45.588852,1,5173.718316
-57.103078,75,5178.030029
176.895665,64,5181.702023
-98.787566,87,5186.894183
-46.365005,73,5193.012934
-139.554958,2,5194.196376
226.366942,121,5201.809632
-241.553499,1,5202.073613
128.562158,29,5203.843392
158.898416,85,5210.844629
205.267732,118,5218.635946
157.336748,57,5222.011505
181.32306,147,5232.040066
-23.985809,103,5237.929304
-100.207625,1,5238.162061
141.603768,36,5240.340688
193.567988,88,5246.485302
216.61841,120,5254.778753
-100.270092,8,5255.398683
138.902225,43,5259.529553
164.680249,75,5264.171798
169.022287,68,5268.397396
175.927389,73,5272.920397
144.017827,49,5275.978064
233.864204,143,5284.926597
207.339155,94,5291.201362
-154.648464,2,5293.356603
233.857537,125,5301.09226
-96.718046,5,5301.944152
230.677649,114,5308.805518
-106.300819,61,5313.123213
179.243329,98,5319.537534
190.471298,74,5324.37964
186.044577,100,5330.498353
-99.948685,1,5331.8223
246.11077,172,5341.770768
124.866792,39,5344.247873
130.598273,71,5350.303788
191.137484,85,5355.157892
189.587556,74,5359.988571
-43.499373,94,5365.682164
131.891274,103,5372.882446
-164.836615,1,5373.084022
206.026827,119,5380.368229
-139.699246,33,5384.291982
-80.066652,46,5387.508557
-97.854688,17,5390.538354
173.728704,65,5395.772348
161.044816,51,5400.35907
-143.843567,15,5403.253371
-81.780704,76,5407.999583
-82.020936,50,5411.052395
156.884792,49,5414.148212
-37.881634,112,5421.51163
-100.286114,1,5421.852499
-93.319049,24,5424.073247
-99.73888,1,5425.719056
-100.060595,1,5427.820981
-43.852689,64,5433.522404
-100.153684,1,5433.640351
203.377359,82,5438.85526
140.805976,45,5442.185476
104.849261,13,5443.063764
180.82515,67,5447.245977
-99.594353,1,5447.432216
165.955566,65,5452.04492
155.486096,52,5455.344897
213.441519,72,5459.855267
180.601921,92,5465.317531
-95.095741,34,5467.352701
220.092369,95,5473.018869
-81.72094,72,5477.12549
113.687083,31,5479.527316
-188.392723,3,5481.726529
-99.396022,1,5482.129278
102.283442,96,5488.023187
-99.855823,73,5492.653577
225.205028,104,5498.935572
-38.391517,107,5505.75825
-93.086987,11,5507.113878
-100.079215,1,5507.831254
172.806495,65,5511.764821
208.202052,94,5518.046563
-100.054604,1,5518.444244
144.067044,51,5521.379117
219.17008,117,5529.885102
137.860096,70,5534.422639
259.315893,149,5543.387895
214.877887,143,5553.107815
-100.051188,1,5553.352652
-64.193479,83,5558.197707
-99.560207,1,5558.544544
166.193586,55,5562.009907
233.356483,107,5568.529561
175.445333,59,5572.038087
-100.067668,1,5572.331569
182.417217,114,5579.13209
122.959695,26,5580.664112
163.976987,80,5585.254177
-100.066044,1,5586.343346
192.281806,74,5591.444409
198.676984,80,5596.76686
192.908559,72,5601.270879
218.0659,131,5609.046638
178.358357,72,5613.508408
-13.983823,108,5619.869309
164.847968,29,5623.566746
269.801379,142,5633.489141
136.722367,85,5639.226817
194.192006,24,5640.826097
157.440596,67,5646.158018
-89.499019,37,5649.048303
223.546731,127,5657.159553
147.531168,71,5661.563762
-99.875009,1,5661.922862
-100.00159,1,5663.98808
-100.053997,1,5665.854722
-100.055618,1,5666.099932
-102.432223,31,5668.166987
171.177201,48,5671.174837
153.444313,46,5674.278612
162.492375,76,5679.134733
273.348485,67,5683.354453
160.640408,51,5687.571714
-100.247407,1,5687.703162
220.15262,48,5691.709732
-86.243692,32,5693.579541
152.85249,91,5698.793244
-47.131081,119,5707.58
-100.058579,1,5708.266102
222.425103,105,5715.032721
136.892149,58,5718.556703
158.701349,46,5721.533103
169.036247,89,5728.792493
168.006298,91,5733.989219
180.883184,73,5738.535271
126.762703,49,5741.639404
156.504559,71,5746.569188
-137.249537,1,5746.872141
120.880815,95,5753.893341
-72.037651,55,5758.197549
193.177914,65,5762.573902
164.014768,117,5770.447974
202.591007,107,5776.929226
191.970884,68,5781.448885
-100.083788,1,5781.660674
152.619301,53,5784.897239
124.746881,24,5786.768672
-101.452707,65,5790.825622
-178.428269,1,5790.923473
-201.257478,1,5791.853083
134.829895,49,5796.091352
154.600159,80,5800.755171
131.654505,58,5804.162901
226.502349,166,5814.232871
138.314482,37,5816.371469
230.750316,98,5823.980199
219.589998,121,5831.476193
-71.755403,3,5833.711781
157.617273,68,5837.874984
135.65705,40,5840.351906
130.15558,36,5842.720857
221.370415,118,5849.979627
108.364621,13,5850.838926
149.42147,56,5854.561486
153.810503,63,5858.598146
165.176596,130,5866.52297
147.41728,54,5871.23928
125.331884,102,5879.263663
212.132313,94,5885.505074
215.049712,93,5891.059846
256.089732,131,5900.921219
119.602953,15,5901.960572
175.706611,67,5906.219473
-99.956974,1,5906.651767
-99.379076,1,5906.826561
193.134371,76,5911.443341
-100.009859,1,5911.781948
108.96959,22,5913.517895
114.278445,18,5915.164713
171.223781,66,5919.621538
137.085626,42,5922.236706
227.636364,98,5929.518815
135.346107,35,5931.649446
201.866728,76,5936.420404
259.15693,112,5944.794485
111.199498,14,5945.695905
207.772418,107,5951.908749
221.282359,122,5960.829938
151.142571,73,5965.961486
-91.090194,15,5966.946493
232.02057,107,5974.35209
224.020086,115,5981.820665
-45.823104,3,5984.006506
179.31541,63,5988.124589
176.693045,60,5991.657809
-11.118174,98,5997.482871
198.837158,86,6002.980307
189.954071,98,6008.84412
-94.050477,5,6010.453527
-93.681964,8,6011.389138
-33.105146,101,6017.705447
191.235684,79,6023.012681
119.242754,38,6025.706878
133.6711,35,6029.608612
133.193624,35,6032.091198
213.763475,95,6037.890634
254.263956,55,6042.095391
228.671026,135,6050.214613
206.029123,115,6057.787138
176.536882,57,6062.236258
167.306618,66,6067.849244
-100.652825,1,6067.954962
211.009427,148,6076.46062
174.206523,50,6079.916885
-61.867817,80,6084.574855
252.58016,144,6093.990767
182.686783,87,6099.349693
-98.222186,4,6099.867478
108.274064,12,6100.612513
174.787633,71,6104.934254
208.408716,96,6110.840044
211.327913,152,6120.185051
215.681251,121,6127.06142
166.914227,51,6130.050319
-40.093085,55,6135.224353
184.503424,73,6140.683134
206.941383,111,6147.394569
213.155856,85,6152.628447
181.392409,132,6160.679376
217.462769,119,6168.822329
130.136895,39,6171.337
-89.429164,22,6173.107758
155.411716,46,6176.428312
124.242258,41,6178.825071
138.821019,30,6180.656972
-78.231559,68,6184.596272
146.121761,31,6187.512528
219.592805,104,6194.700578
223.336543,96,6200.663402
204.498404,93,6208.148851
182.796263,87,6213.285755
238.679813,178,6225.527472
175.761216,64,6229.491482
118.826076,18,6230.611063
-99.474564,1,6230.729372
221.509568,81,6237.599785
174.099368,82,6242.56707
-100.05796,1,6243.034502
204.652937,101,6249.230607
168.144778,52,6252.523308
108.702972,18,6253.658205
117.663163,35,6255.733281
115.52005,18,6257.118835
227.483076,159,6266.280083
-13.845422,8,6268.795058
156.128444,55,6272.511783
-99.424818,1,6273.144996
101.384387,4,6273.493197
146.028233,22,6274.806545
-100.094804,1,6275.382396
-100.057215,1,6277.480769
225.940827,122,6285.41084
-100.215547,1,6285.535746
-100.062675,1,6285.652159
-78.032358,59,6289.326978
172.435823,74,6293.842662
-97.638387,2,6295.762896
241.981222,120,6304.06737
164.448918,91,6310.079394
114.863217,14,6311.290584
239.137898,118,6319.506124
158.892065,46,6322.399668
209.236402,88,6328.668399
157.69343,66,6332.883441
-100.079771,1,6333.412308
170.21545,81,6338.066025
239.050731,110,6345.807111
154.930612,45,6348.640507
130.750643,38,6351.303039
186.604746,137,6359.211527
168.124214,60,6364.252286
-99.603654,1,6366.074026
-100.080995,1,6366.997453
248.857746,164,6377.926325
166.247857,91,6383.349939
-9.432286,88,6388.687726
152.205547,45,6391.517038
-101.119927,58,6395.509336
154.274601,51,6398.801715
225.374509,132,6406.388535
244.15296,151,6416.069638
249.58084,87,6423.267908
197.892913,81,6428.157654
-99.75749,1,6428.474189
216.97626,82,6433.256635
168.425576,55,6436.506931
-93.774996,26,6438.777137
193.647818,78,6443.46139
-93.602984,44,6446.148957
123.007728,26,6448.186846
233.724854,134,6456.049518
220.829645,96,6462.057991
167.733983,68,6467.160375
172.331068,166,6477.0097
-98.468574,19,6479.294284
157.824201,99,6485.281351
-100.031715,1,6485.407781
-100.053535,1,6487.519158
203.388533,74,6492.751705
-100.092435,1,6493.151427
213.302933,122,6501.036271
184.05832,78,6505.857546
-100.066936,1,6507.74295
216.989822,110,6514.304022
264.417601,102,6520.782635
145.044917,32,6522.803707
-328.29824,2,6523.014547
-29.810882,140,6531.086319
-98.639525,44,6533.872853
127.354188,30,6537.56029
214.037864,102,6544.279855
134.658417,48,6547.265032
-77.289076,60,6551.472296
179.828047,81,6557.711528
155.31652,41,6560.16561
-42.957586,92,6565.515287
155.262819,48,6568.48704
191.562177,94,6573.995399
-99.6832,1,6574.173968
154.827306,50,6577.114206
-20.023033,112,6584.249022
174.874595,82,6589.965842
141.647689,34,6592.017336
165.439648,66,6596.013072
-329.773316,2,6596.273609
115.836085,20,6597.65056
176.9373,65,6601.531765
204.53545,97,6607.467742
-96.861772,119,6614.500172
230.577467,109,6620.840749
199.296742,73,6625.191
174.590356,142,6633.539178
163.630146,80,6638.290936
-100.052857,1,6638.634266
238.866091,105,6644.675626
172.413763,76,6649.340177
252.97814,127,6656.767427
-11.485318,1,6657.129689
159.624398,93,6662.902082
-99.947788,1,6663.044408
-99.456341,3,6663.41041
-100.073925,44,6666.117924
-100.106531,1,6666.533114
246.729183,163,6676.765998
102.966567,3,6677.411407
199.279952,91,6683.070487
-67.105287,56,6686.336288
-99.758523,1,6688.448642
197.510055,127,6696.745701
132.423375,39,6699.105437
-99.910401,1,6699.906154
157.904482,41,6703.52713
166.094936,65,6708.36126
-100.077919,1,6708.600656
-100.061295,1,6709.626723
230.306705,135,6717.387779
-99.953763,1,6718.196264
230.824145,138,6727.03336
232.682547,102,6734.278929
-100.058185,1,6734.788814
-105.918759,63,6739.079482
103.884366,17,6740.223226
196.819686,68,6744.648601
197.635048,86,6750.167362
-91.485502,46,6754.872201
140.172887,98,6760.589643
166.81098,74,6764.934183
235.813574,140,6773.867812
120.606505,43,6777.388629
127.278697,25,6779.757805
-100.053891,1,6780.225468
-100.08325,1,6782.309802
145.215648,83,6787.903124
153.668248,57,6791.846845
191.151089,108,6798.782718
-126.529487,17,6799.834649
241.303404,130,6808.005968
183.696478,107,6814.580508
-100.048378,1,6815.160928
157.019424,53,6818.483846
175.572433,100,6826.225225
-217.82215,1,6826.828895
176.751774,74,6831.131807
131.355083,49,6834.11253
119.160852,27,6836.030239
195.397249,83,6841.279158
233.626687,102,6849.370898
173.42975,62,6854.255381
190.676134,77,6859.0852
207.804296,87,6864.4064
190.024113,70,6869.286952
187.247961,68,6873.349465
152.186947,46,6876.22341
137.927783,35,6878.474435
-46.567419,130,6886.143904
-100.253185,1,6886.296136
226.634586,150,6896.401113
178.001396,63,6900.13326
106.530751,12,6900.895568
173.368404,59,6904.448526
184.243709,67,6908.60207
211.705482,88,6915.593111
130.635433,81,6921.749355
162.556874,43,6924.538991
225.595955,101,6930.752247
127.717574,97,6938.460123
120.563543,37,6940.90514
123.50486,22,6942.450542
-100.26382,1,6943.019474
-100.056013,1,6945.079811
-100.055844,1,6946.066252
-100.071517,1,6948.185372
216.481547,132,6957.026969
193.020485,86,6963.668345
15.870629,108,6971.830765
-83.615053,1,6973.933321
212.750167,88,6979.776678
-99.242652,11,6980.973496
-100.083906,1,6981.25943
195.747006,69,6985.735659
-81.508573,54,6990.843515
143.755679,54,6995.165589
213.223809,105,7001.478909
-99.500567,1,7001.76469
169.633885,53,7004.850208
231.41507,72,7009.091991
-199.53359,1,7009.184316
144.812141,39,7011.771119
-100.073403,1,7013.031365
151.249005,57,7017.522517
212.01192,120,7024.846104
219.509876,128,7033.083397
-98.456969,2,7035.250318
-100.003252,1,7035.356256
-99.984393,1,7037.428652
155.945483,45,7041.005019
226.414989,102,7047.404191
104.461806,9,7048.421152
37.484067,47,7051.383096
-100.084641,1,7053.488126
-100.060446,1,7055.578097
-100.057033,1,7057.682684
172.928362,50,7062.336256
-24.285584,143,7071.391906
157.803677,50,7074.574759
143.370023,94,7080.324074
151.795771,52,7083.779979
159.759648,79,7088.881937
183.994965,66,7092.871289
142.080925,57,7097.91211
173.484102,77,7103.03182
-95.575587,49,7105.885248
-96.542982,12,7107.423213
169.341349,77,7111.910488
175.550174,60,7116.717646
-98.548575,11,7117.421036
136.695377,62,7121.302595
255.668088,82,7126.634042
268.697979,76,7131.825734
-100.924879,23,7134.48853
237.699746,85,7139.389964
235.226364,104,7147.276439
-102.130378,8,7147.804721
193.063123,72,7152.068702
263.526559,31,7153.89436
152.506084,51,7158.329587
-100.278609,1,7158.573353
229.898881,161,7168.196637
258.341166,152,7177.19742
182.116773,110,7184.443208
194.111793,78,7188.881842
151.343172,49,7193.170092
149.608058,38,7196.55758
-99.343726,1,7197.816998
160.163885,59,7202.005928
135.356565,47,7204.930518
-73.864238,27,7207.123001
-99.841241,1,7207.239261
144.027448,48,7210.902961
136.983077,25,7212.571328
-100.044951,1,7212.961429
218.566472,93,7218.682284
194.373864,73,7223.21752
126.04452,25,7225.155318
116.416755,33,7227.84488
183.812799,91,7234.500884
16.747796,156,7244.533875
-85.860322,39,7247.08202
122.888598,16,7248.166543
138.105014,32,7250.271514
201.753859,88,7255.950583
-90.896912,25,7257.612565
228.500565,103,7263.568743
160.57785,49,7268.52527
201.431103,87,7273.628924
174.73732,54,7277.42207
177.074221,64,7281.46751
150.834199,62,7285.429394
251.809923,159,7295.115596
214.486154,100,7301.147873
151.157192,43,7304.537385
272.214427,139,7312.65687
215.268605,96,7318.195218
198.386123,72,7322.433928
223.063248,122,7330.705269
146.844524,51,7333.725286
1.122766,104,7341.005906
-100.077599,1,7343.119799
142.344931,44,7346.815266
-99.123195,1,7348.2485
-100.071573,1,7348.705637
132.054053,42,7351.795145
171.013947,47,7355.813744
173.508343,68,7359.852248
145.432779,41,7362.769866
216.662704,95,7368.218369
195.575327,104,7374.257601
-134.377938,19,7377.393917
120.114967,28,7380.096651
136.757975,35,7382.387341
127.086244,24,7384.990865
-163.189179,29,7386.512967
176.492171,69,7391.525286
127.622133,31,7393.905496
-100.282175,4,7394.411556
181.846879,66,7398.420659
210.632855,120,7405.559453
-171.278663,2,7405.700528
114.928078,31,7407.59155
158.689306,55,7411.113608
206.504696,91,7416.872169
-99.667247,1,7416.996158
205.959532,93,7422.557277
-100.113866,1,7423.045714
153.865463,62,7427.776058
163.728573,59,7431.743229
228.431482,44,7436.336559
132.228765,53,7439.714763
172.1395,80,7444.476
-100.065369,1,7446.269535
206.092367,96,7451.861556
155.57722,45,7455.694635
181.10769,63,7459.405218
113.960326,37,7461.812488
225.089678,94,7467.304326
207.519553,63,7471.26451
209.608962,92,7476.708
-22.58019,118,7483.733592
223.564571,100,7489.555485
148.305295,47,7492.880697
110.756684,62,7498.520297
181.144727,92,7504.07806
194.600383,76,7508.906029
164.002005,45,7511.534084
244.186278,125,7518.784468
180.722049,67,7523.029236
140.585625,68,7526.932184
118.475148,12,7528.431694
186.145485,84,7533.608066
183.045964,60,7537.24271
215.590776,90,7542.560104
136.395184,55,7545.900864
225.570095,120,7553.380384
-100.175125,3,7554.269689
-104.089559,1,7554.366227
221.647951,100,7560.302181
-8.430118,101,7566.293979
-100.054462,1,7566.722807
-100.077959,1,7566.909963
175.64473,70,7570.929836
220.421438,99,7577.068167
-96.260988,5,7577.699983
-78.062398,50,7580.643187
141.758616,63,7584.585823
-100.03603,1,7584.702681
158.845639,47,7587.938043
-100.07143,1,7588.344045
196.125525,94,7593.99935
197.120861,75,7598.542115
133.93339,47,7601.425967
144.82401,70,7607.59494
182.928708,82,7612.526356
193.514395,102,7619.489453
217.78527,112,7626.818308
-99.394107,1,7626.937654
210.281203,89,7632.514483
193.081516,64,7636.696676
244.596477,119,7644.37124
-100.144217,1,7645.110206
161.848725,57,7649.173363
234.347854,115,7655.923476
228.816105,105,7662.196322
141.996213,36,7664.587841
137.040749,27,7666.239696
110.312498,14,7667.224041
206.209027,71,7671.406811
196.814614,81,7676.584373
180.098819,139,7685.315283
156.718488,42,7688.370746
-159.838339,1,7690.435795
162.922441,58,7693.808503
132.436024,43,7698.054951
161.372691,58,7702.345336
117.974305,31,7704.176276
182.631687,89,7709.893498
-99.375006,1,7710.806422
134.629485,23,7714.128079
-100.054169,1,7715.054729
150.403299,33,7717.537261
-99.859037,1,7717.716307
135.894564,25,7719.752349
133.233669,42,7722.799156
-162.978615,2,7723.002114
-177.91659,1,7723.097616
196.599675,71,7727.725669
128.471598,19,7728.97191
180.780373,56,7732.413552
227.017434,96,7738.047764
-100.174071,1,7738.45832
-96.720162,1,7738.885247
-123.929834,1,7738.973098
228.855833,101,7745.144423
126.609071,49,7748.491694
-100.259477,1,7749.688524
238.184922,119,7756.768757
31.486689,17,7759.793966
-100.106622,1,7760.122808
191.850239,30,7763.260733
214.747057,92,7768.980917
-10.895935,108,7776.374992
223.940959,104,7782.967505
11.151687,120,7790.051434
-99.75332,1,7791.091388
192.761384,32,7793.327293
-100.058825,1,7794.019419
183.999897,62,7798.063877
-100.160587,1,7798.181566
-74.690156,25,7799.885568
189.817959,93,7805.578502
111.576191,16,7806.563504
206.096308,101,7812.420243
126.630203,31,7814.238154
169.357088,115,7821.889085
-100.05124,1,7823.994865
150.326064,61,7827.992907
-16.415003,78,7832.759202
-29.391457,101,7838.745728
212.646656,92,7844.223353
135.907524,27,7846.024273
195.378789,87,7851.676232
201.243019,132,7859.388752
265.915128,33,7861.748275
140.403694,40,7864.797938
-79.482052,25,7866.410311
206.027991,92,7872.120254
171.820932,75,7878.418708
-99.940864,1,7878.542825
127.117228,25,7880.219467
147.807895,50,7883.464518
-47.711912,72,7887.655622
140.579314,43,7891.413317
183.031836,70,7896.048369
-101.300595,1,7897.256185
196.691461,73,7902.053703
225.388487,91,7907.531317
143.125377,51,7910.520504
168.533356,71,7914.898549
131.0007,28,7916.671393
-100.074109,1,7917.33882
-101.401533,18,7918.605681
130.117024,27,7920.254491
-46.457928,83,7927.051766
-100.051936,1,7929.164854
-123.4177,6,7931.56423
179.663522,53,7934.61741
-47.30053,80,7939.669232
-95.165018,11,7940.358684
143.308679,30,7942.099649
107.792695,12,7942.944594
218.620881,87,7949.94249
-101.477634,7,7951.859645
160.383306,42,7954.634835
139.47459,48,7957.577438
-249.00986,42,7962.017744
1585.721717,1,7964.105914
192.680424,76,7968.995094
115.502841,21,7970.400759
171.3548,60,7974.444639
159.389,40,7977.273774
296.71912,68,7983.145752
-100.261099,1,7985.079087
143.757491,103,7992.621842
171.020709,73,7997.584114
170.000768,76,8002.623245
151.853226,37,8004.788106
163.257522,49,8007.802176
180.968256,78,8012.522967
-100.059052,1,8012.848133
-100.081441,1,8014.100419
109.846397,19,8015.266494
-100.069546,1,8016.577331
180.610476,117,8023.746389
130.049687,37,8027.130862
-100.193031,1,8028.078144
-100.15005,1,8030.194183
-100.101085,1,8032.261209
-99.601853,1,8034.370742
-36.422324,12,8037.104304
188.106195,105,8043.167425
106.57052,22,8044.652323
110.337409,16,8045.947912
171.753144,68,8049.88222
-99.951893,1,8050.620207
149.063932,48,8054.326704
-64.738982,86,8059.883403
239.046827,121,8066.949848
153.588992,42,8070.759979
-93.429625,94,8076.149576
183.029078,67,8080.989755
202.127759,80,8085.802432
287.58904,97,8093.319628
-155.738186,1,8093.658737
-100.052077,1,8093.772821
203.524023,107,8101.328225
-100.092137,1,8102.007378
177.419427,63,8106.094176
228.979398,114,8113.109777
236.576272,109,8119.592559
197.977197,67,8124.281554
239.34566,124,8133.023462
160.340721,45,8135.852714
236.488225,101,8143.835621
189.274359,64,8149.280569
177.543515,61,8153.54717
-60.191991,1,8155.130415
-99.981566,1,8155.806909
179.094925,62,8160.46721
157.940013,40,8162.994644
-100.281352,1,8164.012316
191.635842,67,8168.896558
-100.049737,1,8169.133696
195.475743,75,8173.531757
176.203248,75,8178.196761
188.513544,26,8180.048143
195.743427,81,8185.172137
-100.025767,1,8186.943589
190.547638,70,8191.996269
155.286359,43,8195.380332
120.861241,19,8196.66905
180.032543,85,8202.056361
-100.046785,1,8202.723361
213.904546,92,8208.529508
220.630509,106,8214.986255
196.822777,79,8219.696354
241.876105,112,8226.501388
116.76118,51,8229.507607
207.261138,97,8235.165258
157.529479,55,8240.504954
160.461217,48,8243.619885
187.194005,63,8247.3744
136.168779,36,8249.508244
-99.615086,1,8249.690565
216.576351,90,8255.262919
176.156901,73,8259.654345
154.899183,72,8263.99939
171.672613,53,8267.250731
243.722698,141,8275.766522
172.175834,85,8281.638453
-70.559693,48,8286.145589
-76.340724,3,8287.150836
232.167562,100,8293.165918
198.234384,70,8297.472651
200.703693,69,8301.678554
225.725659,90,8307.083726
126.001923,42,8309.523492
232.847987,36,8313.065247
187.343711,75,8317.618705
166.360648,93,8323.484469
234.960327,109,8330.600719
-82.623776,25,8333.336443
217.508416,85,8338.662437
137.835205,50,8341.707995
167.259459,48,8344.675267
167.756975,50,8348.068729
-26.7286,49,8351.277043
201.016903,69,8355.536923
163.562406,55,8358.924518
164.885052,50,8362.283713
-74.560455,70,8366.431808
-92.645668,18,8367.840336
213.671821,119,8375.002072
-82.229274,39,8377.31684
161.513839,76,8382.063224
-68.483983,78,8387.445232
173.01221,93,8393.292445
-102.665897,79,8398.959262
119.047852,15,8401.142273
-100.127273,1,8401.404409
219.110755,102,8408.37449
154.313769,49,8412.594334
252.877575,51,8415.698598
219.488836,114,8422.344526
-100.075233,1,8422.914567
216.654417,94,8428.650269
-45.026806,83,8433.607419
-99.463773,1,8434.57424
222.643654,84,8439.967736
242.060419,148,8450.456373
114.044631,17,8451.958822
180.384799,119,8460.830948
-91.583736,13,8461.762156
-94.093499,39,8464.112922
188.345827,136,8472.097839
221.250946,121,8480.937745
195.485444,70,8486.143697
208.733052,78,8491.17666
153.445136,41,8493.783726
-99.928647,1,8494.013906
192.136279,109,8500.823946
-100.074401,1,8502.060062
234.08439,91,8507.444047
184.457564,100,8515.119261
123.55747,31,8517.02599
205.938644,75,8521.863061
-221.198658,1,8522.572877
153.761736,55,8527.047345
-77.747158,2,8527.839651
150.321767,51,8531.187259
193.538091,99,8536.79947
-100.071763,1,8537.164756
221.70231,87,8542.358415
259.206307,113,8549.518431
-62.079779,67,8553.660539
217.955714,161,8563.07247
-4.796025,40,8566.318649
149.079966,62,8570.32648
187.762937,66,8574.897712
178.690268,71,8579.241573
136.141567,28,8581.309104
143.99056,47,8584.043909
-100.050917,1,8584.674154
196.247148,68,8588.829245
42.081832,124,8597.89569
164.775042,60,8601.910057
181.631723,71,8606.289467
262.983441,133,8614.75569
178.511791,52,8618.879689
123.562678,23,8620.70645
178.118465,57,8625.565017
221.719007,105,8631.923832
241.320151,107,8638.0088
-59.206084,34,8641.966897
29.11557,1,8642.950377
151.067322,41,8645.557973
140.686813,54,8648.782167
-23.028796,111,8656.661833
-88.62059,1,8657.066084
186.094138,63,8660.841841
202.301899,95,8666.563435
160.876727,47,8670.398665
182.590732,68,8675.039755
187.378489,64,8679.762548
249.279015,111,8687.388561
257.088049,56,8690.730193
-100.151095,1,8691.816493
220.37905,108,8698.476722
205.226998,126,8706.273236
221.706792,40,8708.71846
158.259047,46,8711.573252
202.158614,81,8716.830284
-162.509377,2,8717.033743
-100.071253,1,8717.141188
158.275126,54,8720.381042
212.895533,90,8726.922511
154.681108,57,8730.166514
-62.342575,95,8736.493273
230.825561,128,8744.309586
99.929447,1,8744.536183
153.873477,131,8752.590951
-99.867811,1,8752.892382
-41.907387,73,8757.414063
137.931171,43,8760.182992
139.796926,26,8761.765992
-99.920148,1,8761.95955
194.194685,69,8766.181651
259.626491,74,8770.699068
189.453828,73,8775.216339
218.22383,101,8781.207555
188.667157,73,8785.970346
-99.168461,1,8786.090325
-100.387057,1,8786.209061
130.812752,30,8788.08054
185.994045,81,8792.959584
-99.895598,1,8793.436201
-100.077225,1,8793.729814
163.917721,44,8796.319355
138.276393,37,8798.84448
205.463331,90,8805.218876
136.502006,38,8807.453717
165.596581,73,8812.211585
246.700195,46,8816.88826
218.375327,88,8822.143978
193.006959,74,8826.524808
227.380737,89,8831.812838
149.227488,55,8835.119267
145.105291,34,8837.18595
219.094834,177,8847.847019
213.913872,42,8851.264051
214.347121,140,8859.766665
202.462709,79,8864.704085
-100.06413,1,8864.939356
129.838393,31,8867.157043
174.005437,64,8870.840359
149.291188,32,8874.238496
-14.174089,110,8880.774957
-100.106592,2,8882.891579
-130.897764,39,8887.10739
201.779444,67,8891.352893
162.672355,42,8895.621621
183.320863,77,8900.1644
134.763534,26,8901.751055
119.767978,55,8905.317318
155.73032,48,8908.825178
240.499877,109,8915.2943
169.34507,46,8918.042506
198.227499,47,8922.771964
187.0731,143,8932.902261
252.76485,63,8938.526078
174.052908,76,8943.844734
-100.121273,1,8943.967817
-77.118699,40,8946.356392
200.046364,79,8951.46609
223.364394,122,8958.522955
172.759922,70,8962.729374
194.43972,107,8971.009554
224.508837,99,8976.958261
137.066208,41,8979.925096
151.667267,44,8982.70875
-44.866264,85,8988.032685
-99.947343,1,8990.136183
231.774507,84,8995.70647
209.967181,78,9002.234046
99.924546,1,9002.747524
208.697778,104,9010.645633
-100.07426,1,9011.104542
148.175849,36,9014.249669
181.476172,96,9021.298211
171.436329,78,9026.270219
-99.959877,1,9026.443667
108.771862,10,9027.301199
202.764998,65,9032.992868
211.530018,65,9038.221806
-99.99622,1,9038.974243
189.341936,98,9046.196795
227.615394,91,9051.564372
196.417337,78,9056.092643
-100.314686,4,9056.373522
-45.150439,89,9062.147384
211.97658,92,9069.040368
202.082471,82,9073.896754
186.059554,70,9078.17557
-99.681901,1,9078.646856
192.12046,77,9083.202256
118.356687,16,9085.699907
218.988006,121,9094.577302
155.597687,109,9102.805199
144.654972,48,9105.761144
164.624172,76,9111.443784
198.985451,73,9116.361434
168.392147,63,9120.546431
206.126904,88,9125.924232
222.942467,99,9132.80866
122.69034,34,9134.792635
-115.476446,3,9135.032841
199.651131,71,9139.539978
153.246774,55,9142.72329
184.894889,62,9147.006804
152.459221,76,9152.208616
-230.040188,1,9152.435281
-99.981474,1,9152.555039
187.084699,109,9159.145375
200.617528,78,9163.764582
-100.179812,1,9163.938935
155.568865,70,9168.52461
211.061806,93,9174.985838
-100.173303,1,9175.29334
140.237358,37,9177.676298
226.741435,125,9185.188466
199.334657,95,9191.984724
-104.688114,37,9196.133089
-100.037615,1,9198.214414
-6.632626,85,9203.865215
-100.062778,1,9205.968106
102.349671,7,9208.409808
-100.093672,1,9209.123836
168.154781,61,9213.653713
-100.397397,1,9213.963614
161.068835,49,9216.899288
172.229779,53,9220.475816
189.008661,119,9228.10045
154.373386,42,9230.89481
196.47362,67,9234.928978
-89.124398,31,9237.926149
-100.089753,1,9238.458521
164.124499,44,9241.150613
222.785713,111,9247.926761
185.086062,74,9252.378862
191.329829,63,9256.741379
-140.925707,1,9257.854387
161.186347,70,9263.720234
164.389535,115,9272.372916
130.73645,31,9274.591645
-99.843778,1,9274.763212
-88.553774,26,9277.138415
211.694035,108,9284.826241
204.867825,120,9293.629157
-99.820683,104,9301.323643
-99.668187,1,9301.674915
175.970669,65,9306.479167
244.409759,132,9315.94619
159.497383,44,9318.795887
196.42137,76,9324.366601
191.315936,89,9329.646318
134.08965,104,9337.659073
217.652682,84,9343.10802
222.412442,106,9349.130175
182.209935,84,9355.82146
167.203522,50,9358.994286
-100.114164,1,9359.187148
219.062663,101,9365.173126
-100.61815,2,9365.345463
182.425219,27,9367.597247
215.222605,96,9373.485546
149.500385,44,9376.530735
249.995574,159,9385.594792
251.636558,107,9393.74334
-83.572438,56,9397.466213
-99.994269,1,9397.864434
199.085633,105,9404.329767
252.531515,58,9409.687569
-99.670147,1,9409.801062
-100.090152,1,9410.085795
183.531875,75,9414.879961
-98.15965,3,9415.620755
-241.814976,2,9416.495642
169.666797,61,9420.278412
227.925272,93,9425.851948
-217.670172,1,9426.107972
-97.458716,3,9426.333311
-96.692964,6,9426.953233
148.178714,45,9430.329382
169.381014,53,9435.2152
167.048126,57,9438.701302
191.404607,216,9451.074454
111.806026,13,9452.13447
154.452214,57,9455.72071
139.055173,33,9457.793703
211.910019,118,9465.070289
147.298753,47,9468.046229
123.53878,51,9472.109314
105.278288,15,9473.185205
186.771765,67,9477.253575
150.660899,61,9481.649078
233.81527,97,9488.33484
114.204428,24,9489.826678
193.57293,65,9493.698588
-70.138683,47,9496.58036
-337.279442,2,9498.143871
274.952447,139,9507.101088
16.90605,207,9519.669715
228.505196,114,9526.249504
177.153214,91,9531.965335
103.995695,26,9533.709169
-10.8927,89,9540.807836
174.117239,94,9546.52696
205.774128,94,9553.54874
-99.42304,1,9553.792166
-100.081146,1,9554.360541
-113.435868,2,9555.362386
104.219676,5,9556.473813
117.052676,16,9558.110125
-100.08131,1,9558.711534
139.967865,38,9561.041362
225.305805,114,9567.804411
212.112541,127,9575.258552
168.713856,62,9579.650243
172.151059,58,9583.727053
-100.080276,1,9584.129391
-100.072252,1,9586.202304
-100.057028,1,9588.300344
-88.524161,14,9591.115485
-100.057584,1,9592.719641
-100.192677,2,9593.460226
160.976168,53,9598.042677
-100.250878,1,9599.05334
188.939542,75,9604.199732
146.653599,38,9607.90358
-17.263641,156,9617.226523
-29.605457,78,9621.952985
-99.835229,1,9623.101387
137.908734,47,9626.089259
-100.148852,1,9626.213217
202.409774,68,9630.56395
-99.751007,1,9630.687284
6.591095,115,9637.76266
-100.115541,1,9639.098763
218.916439,91,9645.772733
163.068843,48,9649.220903
147.833457,38,9651.984975
144.468189,36,9654.142412
188.085241,93,9659.668357
166.412792,45,9662.783807
141.795272,31,9666.271394
166.949805,69,9670.422161
186.788058,75,9675.239102
197.458063,220,9688.097429
144.60887,49,9691.017694
-128.910079,1,9691.988851
-100.102303,1,9692.103318
216.818402,93,9698.198609
173.396528,65,9702.215584
209.328269,140,9710.128397
-91.66453,29,9712.526956
198.689033,73,9717.72837
249.852116,119,9725.675831
161.163035,40,9728.311416
-100.009627,1,9728.900213
-100.128145,1,9729.031548
154.269591,49,9731.944422
182.760724,65,9736.34632
-166.132644,11,9739.042508
-99.304507,1,9739.157523
152.249782,70,9743.475055
180.728749,65,9747.219178
-99.932165,1,9747.611042
167.730762,53,9750.780079
184.201174,65,9755.589485
159.51045,45,9758.448191
200.0725,91,9764.392679
168.37323,68,9768.777823
216.990684,93,9774.347362
160.472109,49,9777.365101
216.332567,89,9782.495773
254.241017,125,9791.586533
161.651631,56,9794.890239
173.310531,63,9798.555521
152.076749,42,9802.974639
154.065836,59,9808.334569
249.904027,53,9813.452662
209.739496,84,9818.494556
179.624386,76,9823.541905
169.877488,74,9829.239498
181.807175,83,9834.4648
109.628533,9,9835.366288
-100.068281,1,9835.649687
-99.575764,1,9837.749985
-79.036685,40,9842.077593
-99.795204,1,9844.180652
118.657447,22,9847.463483
-109.956737,81,9854.17967
-100.050765,1,9856.2762
-100.06052,1,9858.364996
-100.058881,1,9860.45447
-100.055628,1,9862.550238
-255.594802,1,9864.650926
-105.653247,1,9866.723838
111.13931,11,9869.381566
102.047815,2,9871.547526
-217.79892,2,9872.886262
-100.593982,3,9873.103136
220.909216,107,9880.670441
-100.072457,1,9881.296115
182.21162,63,9885.796736
207.324103,124,9894.306897
-95.874539,24,9896.394783
212.497648,78,9901.377862
170.504675,49,9905.088462
137.226697,26,9908.355512
166.546588,96,9915.98538
138.035347,27,9918.01936
176.893314,51,9920.953355
-104.126323,1,9922.6913
-104.467166,1,9924.752387
178.653127,67,9929.516888
-100.055435,1,9929.866742
198.705037,78,9934.9288
162.99819,66,9938.797786
185.505041,80,9944.156965
132.002292,23,9945.848738
149.027785,38,9948.111281
155.236053,47,9951.249344
121.773789,23,9952.718282
244.26557,123,9959.831019
199.153457,77,9964.28997
-100.055913,1,9964.571708
-80.957198,37,9967.344606
-100.07598,1,9967.459788
206.297867,74,9971.739281
160.527327,129,9981.085143
190.946777,68,9986.986554
235.37029,97,9992.627067
149.704924,37,9996.087661
-100.217379,2,9997.195299
-31.496674,106,10004.039653
111.674956,13,10006.101872
-89.787125,32,10008.160811
132.819387,25,10009.693848
109.027815,9,10010.758693
212.776482,81,10015.78721
189.082508,72,10020.072695
162.24283,100,10026.485605
209.74165,83,10031.889225
172.845008,67,10036.13522
185.332094,77,10041.296118
-100.074344,1,10041.580639
216.881293,114,10048.903863
183.121749,84,10054.129511
-84.976117,58,10057.859607
166.929408,49,10062.418883
99.943863,1,10062.769851
-143.648651,51,10067.713187
103.400134,73,10072.89146
-209.144381,2,10073.725586
167.199642,56,10076.964852
132.914102,26,10079.375669
144.624358,40,10081.914466
167.142091,60,10085.370697
142.043994,121,10094.245285
-176.57715,1,10095.366457
205.554445,99,10101.089878
185.518646,66,10105.157693
230.46189,54,10108.387725
144.321181,40,10110.909663
198.475593,81,10116.329803
-69.950091,64,10120.465566
208.729993,94,10126.441586
-100.066998,1,10126.557077
157.056578,39,10130.386303
143.320352,38,10132.945376
150.786063,45,10135.847819
116.054103,81,10142.504364
111.17247,11,10143.312277
114.033741,28,10145.387778
125.511875,19,10147.863071
107.614261,71,10153.952739
-49.702324,47,10158.692866
212.222168,127,10165.951225
213.326969,88,10171.470345
189.325755,76,10177.113324
158.920474,96,10182.912435
-85.577508,17,10184.439758
-100.122102,1,10184.668298
-100.06198,1,10186.783716
139.012906,34,10189.940337
189.016678,80,10196.524127
120.290208,22,10199.009869
145.043895,132,10208.054181
-100.13765,2,10208.402609
209.767566,97,10214.590629
156.67602,52,10218.100284
174.460944,66,10222.969079
-78.597605,26,10224.731217
185.237682,86,10230.007361
-100.253317,1,10230.12527
217.726659,86,10235.062536
108.176889,8,10235.629719
175.551304,63,10239.868601
183.008189,64,10243.709832
203.256535,101,10250.414824
122.832728,104,10258.326362
188.970415,67,10262.621397
-72.287531,77,10269.013204
174.49137,79,10273.497459
187.661284,65,10278.389638
161.297059,75,10282.886401
-100.100388,1,10284.080079
145.818868,33,10287.021145
-34.981203,15,10289.913778
-100.07244,1,10292.022444
116.031982,13,10294.81864
106.872831,18,10297.898315
135.703728,34,10301.807646
-84.345641,32,10304.78606
-99.582203,1,10305.244019
-100.080429,1,10305.358126
103.172822,62,10309.173605
205.041463,97,10315.54791
-100.189215,3,10317.443063
-100.105065,1,10317.612884
-59.909077,72,10322.56242
-100.069491,1,10324.661284
-100.033395,1,10326.768633
-100.096032,1,10328.870964
-105.114088,76,10335.250363
-100.155817,1,10337.360249
-60.915041,128,10345.954311
173.118525,57,10349.562308
132.497163,27,10351.428166
-78.048493,32,10355.299842
213.751664,88,10361.092724
206.31749,110,10369.222197
124.636677,28,10370.971096
-99.89342,4,10371.569731
235.182419,97,10377.415695
253.42957,127,10386.419294
160.349761,66,10390.389887
193.73996,87,10395.517497
136.032905,25,10397.14427
222.557959,49,10400.546957
105.487191,15,10401.956178
-135.718614,2,10402.381178
108.567121,15,10404.036245
126.372344,19,10405.861712
222.978116,95,10412.331626
274.082885,67,10416.579562
141.220609,44,10420.848816
-87.609125,17,10423.845858
-100.073701,1,10425.956246
-100.055199,1,10428.06448
-37.909106,67,10433.485223
198.194021,72,10437.971538
144.033007,23,10441.295719
190.080965,77,10446.151471
123.640615,46,10450.817858
-94.321138,10,10451.799555
137.90449,74,10457.326916
-100.052695,1,10459.367656
-100.099997,1,10461.466256
143.60082,50,10465.498042
217.953479,91,10470.830423
-98.554505,18,10471.993141
157.528709,46,10474.73386
233.112436,52,10479.80548
134.347691,27,10481.551824
188.965072,113,10489.968689
-100.110759,1,10490.760152
-99.715076,1,10492.86209
-100.086222,1,10494.960585
197.180694,63,10500.598699
197.927688,71,10506.453971
264.415493,111,10513.129578
-100.057769,1,10513.529092
138.143742,28,10515.384338
-96.801136,30,10518.141744
-91.773851,18,10519.887376
132.954976,39,10523.886442
-69.087949,72,10529.527217
197.246127,89,10535.037856
253.405517,126,10544.193495
-100.05116,1,10545.104479
-90.145608,35,10547.766413
-100.051715,1,10549.866433
270.544479,141,10558.958234
213.372886,76,10563.32331
-100.099237,1,10564.794128
-99.960919,1,10566.155438
-100.065852,1,10567.44381
-100.058335,1,10569.553166
220.50622,92,10576.099211
-100.078586,1,10577.263586
162.708323,53,10582.283477
199.020238,68,10586.967192
129.042824,28,10589.625188
129.042697,23,10591.025827
122.452608,127,10598.780533
196.739718,167,10608.737271
111.43393,80,10615.264293
-99.43917,1,10616.90339
159.417642,48,10621.066776
175.778537,83,10626.617986
137.673153,24,10630.020677
220.512265,142,10640.118167
6.987034,34,10644.112215
-98.463989,5,10644.56265
218.262781,80,10650.413998
215.730325,78,10655.176686
256.581392,102,10662.936912
202.866525,84,10668.898795
-100.056522,1,10670.205572
222.696236,89,10676.122449
-51.342743,56,10681.365181
-100.078554,1,10683.427399
-99.95741,1,10685.148555
194.42627,129,10692.770349
121.800695,7,10693.924293
-93.550115,12,10695.202031
-100.059299,1,10697.271746
160.138561,66,10701.335882
129.610667,31,10703.183112
169.701322,76,10708.23352
178.43678,75,10712.968597
-75.566636,35,10715.467081
-99.406988,1,10717.580981
163.216816,43,10721.011287
167.094937,43,10723.571603
172.377594,88,10729.868215
146.367075,49,10734.612242
133.927596,48,10737.858768
238.236772,37,10741.391816
169.4435,97,10747.43128
218.399886,76,10751.809043
166.575622,56,10755.272531
175.775883,49,10760.078499
114.179209,14,10760.936279
-59.161477,142,10770.049779
-100.052359,1,10772.149428
-100.083075,1,10774.254104
215.479116,113,10782.72774
229.441523,103,10788.595848
209.157096,110,10796.822973
-95.446635,58,10801.140982
-100.056267,1,10803.246793
-27.678294,119,10810.413533
-100.062881,1,10812.520216
-100.096649,1,10814.629968
198.093704,121,10823.373849
139.102567,53,10827.452067
235.370698,86,10832.690903
163.761359,60,10837.302193
155.110871,88,10843.754859
-7.647268,143,10854.203426
184.910537,99,10860.005336
31.892538,117,10867.693931
186.761247,44,10870.255883
123.865694,15,10872.162423
-100.089359,1,10872.807955
125.374303,38,10875.075682
221.248849,90,10881.139854
232.93332,93,10886.716752
177.832566,71,10891.453612
-83.60253,31,10894.168537
212.783844,85,10899.987068
121.788849,36,10902.285029
-169.324572,7,10904.739999
115.56401,15,10905.908677
158.773646,47,10909.478991
-100.099865,1,10909.929309
167.983147,45,10913.554026
-99.333149,1,10913.6774
-99.532741,1,10913.94568
-100.214607,4,10914.25813
147.554744,39,10916.694496
-100.08964,1,10916.880712
152.527738,40,10919.241531
145.243405,47,10922.944563
241.40243,76,10929.259705
-70.442913,63,10934.889503
143.662278,78,10941.350246
-91.104587,1,10942.148286
-99.53917,1,10944.208973
-99.985005,1,10946.319555
116.032467,17,10949.339529
175.383489,60,10954.600921
165.010455,69,10958.673589
-100.080372,1,10959.073513
196.655854,43,10961.565544
99.935288,1,10963.105629
254.985629,129,10970.71923
194.040018,60,10974.705161
107.260829,7,10976.417733
199.40303,77,10981.032681
-100.053166,1,10982.064153
-100.087499,1,10984.144928
99.92282,1,10984.949596
-59.345932,74,10990.506837
156.82923,53,10994.021681
212.650745,81,10998.809702
175.517733,63,11003.161107
-9.926952,78,11008.188114
-99.952287,1,11008.494861
-100.066459,1,11010.568534
178.114583,72,11015.133239
162.350169,52,11018.940982
-99.37231,1,11019.288565
115.447367,15,11020.371297
183.815007,68,11024.4446
205.486952,86,11029.770886
235.080321,112,11037.205965
207.472029,84,11044.040845
114.94558,16,11045.077211
100.646904,18,11046.23887
206.287815,91,11051.478521
220.003938,54,11055.406213
208.406349,110,11061.759911
-36.72636,121,11070.718855
220.147984,93,11076.298893
167.64913,112,11084.761609
174.324958,63,11088.566963
-99.212456,9,11089.271997
144.958085,60,11093.044715
-46.324281,89,11098.659136
146.798971,33,11100.795421
-23.295282,84,11105.796202
-100.106358,1,11105.913018
-19.320879,77,11110.457544
-58.167951,51,11114.620067
192.027708,67,11119.118727
-220.926332,1,11119.66477
140.443777,32,11121.978454
266.794142,116,11129.466599
180.927521,79,11134.243151
-100.226693,3,11135.329055
-100.107401,1,11137.39938
162.56552,112,11145.801605
-82.583196,56,11149.733933
245.18922,106,11156.781338
135.409168,40,11160.906568
-99.745084,1,11161.377829
216.524342,69,11165.468569
-70.086262,114,11173.10732
242.03331,93,11178.653715
-91.451853,22,11181.946338
-49.545005,85,11186.769914
-334.40051,2,11187.816385
225.02561,90,11194.172073
207.101763,90,11199.542113
208.991217,86,11205.70037
193.896907,71,11210.09906
198.843982,74,11214.745583
216.39436,92,11220.741541
120.065628,25,11222.336935
176.191155,78,11227.16659
211.607602,81,11232.241653
100.390002,1,11232.61005
0.630984,109,11238.891762
-99.88751,1,11239.79921
-100.136896,1,11241.009264
158.506832,37,11244.232881
213.627513,109,11250.928688
-100.132516,1,11251.042409
-29.998907,73,11256.730398
-100.096099,1,11258.811386
-86.306161,26,11261.492481
-99.975231,1,11261.946712
242.659022,104,11268.292888
-100.129435,1,11268.412082
154.860331,39,11271.554335
-100.006419,1,11272.247017
185.259326,60,11276.122985
-100.100174,1,11276.476257
-100.061577,1,11276.594809
-99.824425,1,11276.961878
180.595808,68,11281.198951
202.808055,78,11285.805115
-83.32712,181,11297.694292
185.401446,65,11301.704428
141.380499,62,11305.542076
108.192982,30,11309.135613
108.062458,11,11310.096919
-100.080909,1,11310.962539
-100.315145,1,11311.099901
-100.34636,5,11311.468287
123.095348,18,11312.662762
252.641995,117,11319.969952
222.907967,95,11327.313269
209.684234,81,11332.380647
174.139559,52,11336.176532
134.822324,90,11341.53634
181.081682,60,11345.058043
-61.44372,50,11348.065732
-35.187419,138,11356.134971
149.573256,62,11359.853486
-99.915301,1,11360.006761
160.290769,60,11364.318835
186.418603,80,11369.286332
176.393119,58,11373.259706
203.230967,79,11378.215233
-39.367067,1,11378.333098
227.365003,98,11384.181309
202.14,91,11389.548619
-0.654207,13,11392.318222
156.539408,63,11396.036304
180.9942,83,11401.238193
182.145908,74,11406.438149
234.795747,123,11413.680614
203.944443,90,11419.104932
168.026155,56,11422.381192
-100.09831,1,11423.818517
220.423945,98,11429.596204
-100.058465,1,11430.231591
177.712527,77,11435.216312
139.278575,32,11438.558086
-32.262745,66,11442.395179
130.254734,25,11444.375616
154.193846,43,11447.206678
111.913197,20,11449.372401
147.295642,49,11454.151627
-167.075213,1,11455.616277
223.647553,97,11461.854349
-100.060853,1,11462.885604
-100.105098,1,11464.798714
-99.722684,1,11466.929966
-100.056595,1,11469.034835
174.729211,62,11474.596779
169.648902,117,11483.325191
227.835975,94,11490.233739
196.456311,73,11495.170372
157.120695,46,11498.115807
-218.795579,1,11498.84129
144.147074,36,11501.183363
127.167142,21,11503.001788
-26.756969,4,11505.288513
-100.081944,1,11507.011464
-96.63685,19,11508.487787
-100.05753,1,11510.563291
-123.083642,38,11514.742038
190.510989,76,11519.554517
145.761697,44,11524.044512
199.098626,79,11530.219405
-60.796681,103,11537.89179
-99.95772,1,11538.825391
-99.938865,1,11540.955796
232.512617,143,11551.080719
218.381987,96,11557.050406
-103.403575,3,11558.426705
-100.04666,1,11558.54021
213.155633,76,11563.215659
-95.865777,49,11566.335064
206.757068,79,11571.304959
-72.21345,221,11584.503781
220.375208,96,11591.10876
215.15716,83,11597.892982
-93.858942,14,11598.755149
153.707166,56,11601.991143
163.225117,79,11608.42123
-97.149409,116,11616.54387
148.697538,32,11618.59375
-100.362237,1,11618.723297
192.114925,81,11623.525226
157.949753,69,11627.701001
188.433673,64,11632.299793
112.912925,19,11633.702726
-100.056229,1,11634.147583
211.178313,89,11639.987797
178.807868,73,11645.273099
161.991034,39,11648.224994
182.397303,69,11652.185541
197.539291,70,11656.248669
160.353793,61,11660.094937
-88.068184,2,11660.948241
227.075401,88,11666.98093
-110.629285,49,11669.867202
201.929893,54,11673.208203
-99.263159,1,11673.324195
-59.010942,95,11679.105386
-100.078894,1,11679.392297
147.000973,37,11682.000968
-100.26013,1,11682.180752
171.685591,67,11686.321274
-60.815434,164,11696.097376
124.038558,16,11697.751709
148.636366,34,11700.764549
99.908659,1,11700.995071
240.855932,115,11707.796734
109.115093,12,11709.560395
-98.952882,35,11711.98702
-100.089532,1,11714.100285
148.546113,35,11717.669268
178.375971,63,11722.183318
118.940308,13,11723.315367
261.361503,113,11730.281626
145.929413,81,11737.033693
123.543793,21,11738.522146
200.247128,24,11740.927053
135.728436,49,11743.761841
173.715632,73,11749.371457
-100.05668,1,11750.787544
-100.055768,1,11752.889543
-99.933321,1,11753.772671
214.525975,133,11761.495548
267.090695,61,11766.981851
117.808331,20,11768.632852
163.888996,49,11772.922384
159.130272,67,11777.092415
133.447737,26,11778.671982
209.876728,91,11784.038085
212.017176,77,11788.660571
108.815836,19,11789.937839
130.671805,29,11791.714948
163.225112,49,11794.887643
143.962434,30,11797.10637
181.568422,61,11801.18952
190.046231,82,11806.32365
-55.321555,67,11810.201507
160.772583,59,11814.292258
-50.457941,88,11821.354572
139.534534,26,11824.543334
185.764635,75,11829.300301
204.997351,78,11833.983107
181.647381,63,11837.764148
148.327801,53,11842.365018
-27.19027,5,11844.713092
151.581862,40,11847.536158
176.551191,87,11854.598933
-95.17929,8,11855.559574
133.210584,24,11857.033251
139.071196,31,11859.646832
169.961084,86,11865.90968
179.729588,116,11872.996233
205.797355,76,11878.000044
174.51111,130,11885.942377
-95.518037,71,11890.255163
154.475088,36,11893.248225
-82.766937,21,11894.646925
218.126638,76,11899.348471
-99.209787,1,11899.471456
158.214405,46,11902.225804
154.787829,45,11905.940962
-169.202661,66,11911.814068
-22.517451,80,11917.233432
144.002856,28,11919.430259
147.814688,121,11928.454201
133.84406,39,11931.048451
-100.112014,1,11931.220622
116.682126,15,11932.411637
-100.107567,1,11932.751833
55.8113,300,11950.800386
260.734395,122,11959.774061
150.350159,46,11962.817044
205.231215,72,11967.025048
196.190402,103,11973.011287
207.558076,110,11981.168199
101.200661,19,11983.474689
110.078397,19,11984.607638
214.962598,59,11988.176647
168.188694,60,11992.318994
-140.801706,47,11997.021619
252.120377,117,12003.741424
203.608928,75,12008.849823
116.065489,14,12011.703582
-100.631812,7,12012.931278
-100.030075,1,12015.013758
-17.303671,4,12017.247661
126.217133,31,12020.06647
169.711533,48,12024.809094
178.847676,63,12028.638791
109.114008,127,12037.6222
151.21051,50,12040.531807
163.527912,41,12043.733948
-204.394549,1,12044.855279
243.425279,98,12051.55248
296.384627,118,12060.224746
-100.067435,1,12062.279427
-43.645476,124,12069.733398
-100.06574,1,12071.847663
-100.050807,1,12073.94593
129.146349,67,12079.730018
122.70994,18,12081.933715
188.85518,65,12086.301386
178.088508,91,12093.290516
162.534607,60,12097.259151
204.862326,72,12101.586208
194.76279,80,12107.656051
227.554046,140,12115.768067
185.977586,66,12120.280548
1.647668,116,12128.916665
-149.468318,1,12130.071999
210.102833,103,12136.461577
241.081592,113,12143.106927
19.340401,65,12148.814024
-100.093837,1,12149.613298
183.387547,58,12153.804862
-74.810178,48,12157.983544
189.936819,76,12163.372864
163.445619,50,12166.376293
231.092671,96,12172.215274
157.818899,45,12174.990229
132.864282,74,12179.411291
113.058512,52,12182.953549
214.484216,122,12189.985218
109.004212,10,12190.75209
223.512201,106,12197.008162
-57.430554,75,12201.467763
201.052437,87,12207.849098
-100.068357,1,12208.151717
109.866002,24,12209.732487
112.176563,13,12210.546985
221.394243,100,12216.657338
143.705364,43,12219.902683
225.964312,102,12226.343547
146.501208,51,12229.552853
115.893914,19,12231.548072
-101.551352,7,12231.913272
-21.9591,95,12238.802414
-23.450681,156,12248.542857
159.019947,58,12252.160097
146.684963,59,12257.558482
-100.057773,1,12258.24158
-99.882163,1,12260.353223
151.903989,39,12263.881894
-99.892268,1,12264.003054
-100.051331,1,12266.115215
-99.870959,1,12268.19467
-99.72846,1,12268.946367
-100.054297,1,12271.010827
207.171945,131,12281.040154
-99.662745,1,12281.287374
-26.699564,86,12286.550954
272.458454,48,12289.787912
-105.188134,100,12295.609571
210.764045,94,12302.013436
-100.184165,3,12302.364044
225.078517,119,12309.611057
-98.65377,1,12309.904846
-100.289347,1,12311.970402
264.475749,147,12322.123743
193.574248,69,12326.632257
178.480269,110,12333.160391
169.040812,57,12336.612738
229.847632,107,12344.320302
-100.073333,1,12344.728393
180.756177,68,12350.172382
-84.101556,2,12350.383708
117.442943,19,12351.5453
207.513033,110,12358.13147
-33.773853,199,12370.286692
153.786461,49,12373.285023
182.007971,66,12377.282275
161.491686,70,12381.45214
223.626555,93,12386.972786
227.018248,89,12392.209098
160.707085,57,12396.81075
134.870957,63,12402.110625
-46.710306,125,12410.792213
-100.088049,1,12412.85735
173.152247,161,12423.152365
139.675428,27,12424.74246
-133.519818,1,12424.933114
159.314741,54,12428.145969
148.740277,90,12434.324946
161.373109,104,12440.743025
139.39455,36,12442.863319
197.272954,61,12446.53003
195.052698,67,12450.528367
106.373258,10,12451.77133
114.792934,15,12452.758412
-100.104234,1,12453.119924
204.029525,79,12457.680838
248.73835,81,12463.786998
172.579436,91,12471.123378
229.65904,88,12476.636425
216.081873,138,12484.529717
198.217031,75,12488.965883
-100.058239,1,12489.584608
138.333081,48,12493.14121
-103.848151,8,12495.649423
-100.053374,1,12496.676002
175.839462,54,12500.016951
-36.899447,132,12507.731784
-100.210879,1,12507.857981
241.834573,153,12517.776124
-100.049759,1,12517.954259
188.606436,80,12522.564578
-81.259331,25,12524.197176
-99.046338,15,12525.221705
126.276705,45,12528.229146
164.083504,56,12531.814421
144.104054,38,12534.156752
193.48463,67,12538.315384
-54.333243,146,12546.850444
164.266413,44,12549.949879
161.412902,64,12555.626107
254.378196,112,12562.152027
198.740984,67,12566.897995
145.914295,47,12569.870236
-82.193757,38,12572.141321
220.974739,88,12577.445171
110.710628,19,12579.528378
238.037457,96,12584.997943
179.18133,96,12591.958951
205.509478,90,12597.496538
210.35325,125,12604.896367
151.133394,91,12610.099754
217.14479,98,12616.359446
-100.642288,1,12616.929669
122.826696,25,12618.746463
-100.08753,1,12618.97419
-100.079324,1,12621.035542
-17.877657,118,12629.614347
-100.095021,1,12631.020606
174.227203,69,12635.080117
172.540005,76,12639.763186
-27.711986,172,12649.555381
201.535045,127,12657.014275
132.477204,25,12660.195525
144.61195,40,12662.856476
172.319152,52,12666.243229
-100.068378,1,12666.69894
135.47013,38,12669.881068
-100.09774,1,12670.509338
248.644964,122,12677.743952
228.213021,102,12684.490263
100.416545,1,12684.886922
164.071623,64,12688.773994
-88.726726,53,12693.758742
-100.063797,1,12695.868177
199.383642,74,12700.957768
165.208693,56,12704.645241
-98.128443,8,12706.822444
177.312749,68,12712.103486
116.143845,26,12713.981462
123.239329,21,12717.197401
-84.439792,28,12720.919906
185.777632,64,12724.919325
133.042056,34,12727.968367
161.299098,69,12732.130756
-100.064104,1,12732.593313
-100.256951,1,12734.695108
-100.05061,1,12736.795512
-100.079962,1,12738.880445
-100.053315,1,12740.985123
-135.049002,67,12746.863239
176.600325,47,12749.814061
147.483818,47,12752.515252
-161.14085,1,12752.892626
-80.86666,56,12756.878868
231.970472,135,12765.000591
-82.268022,28,12768.629444
-36.964697,89,12776.096585
-100.13279,1,12776.290347
226.395079,98,12782.086418
149.310471,79,12786.731668
-95.4626,4,12788.983589
-3.665283,236,12803.339707
172.637939,61,12808.596022
250.401438,141,12816.780696
-100.025635,1,12817.580814
177.784191,56,12821.367329
149.935386,36,12823.91397
231.217093,70,12828.506636
228.718634,83,12834.222969
189.416282,74,12839.53373
184.130489,69,12843.723134
156.487112,73,12848.222594
123.501829,54,12851.866779
-100.641873,9,12852.433105
151.585716,32,12855.288788
-38.132998,100,12861.432204
114.119798,12,12862.170294
213.340812,92,12867.566625
251.262414,113,12874.268862
178.301964,66,12878.156276
175.836677,51,12881.170672
3.178147,106,12887.17228
-100.07194,1,12889.26832
-100.108153,1,12891.366056
-100.053154,1,12893.4603
-99.56597,1,12895.560946
-100.062935,1,12897.62096
160.174221,75,12902.253888
-100.078491,1,12902.663717
-100.167761,1,12902.891629
148.889636,42,12907.301495
196.216212,75,12913.362944
-98.912074,18,12915.257393
132.823331,38,12919.169246
139.926135,33,12923.102706
-94.547069,38,12927.29578
128.15855,30,12929.177799
200.656352,93,12935.085101
-100.054707,1,12935.5423
-100.050151,1,12936.584691
-100.1095,1,12936.766923
-100.843098,62,12940.979866
202.725795,72,12945.205138
225.365219,69,12949.63033
-74.921444,22,12952.912211
151.559878,49,12955.809146
198.36012,108,12962.065792
152.191058,51,12965.4381
226.341586,90,12970.79133
142.271626,35,12972.889947
163.785575,59,12976.351469
227.426889,98,12983.925169
192.492856,120,12991.733387
206.265905,83,12996.752822
220.162845,99,13002.795145
-99.958221,1,13004.313432
-100.110371,1,13005.292188
179.748339,51,13008.280416
198.552884,157,13019.540843
257.872238,110,13026.279813
-100.159486,2,13026.505293
-6.245673,1,13026.731412
232.960128,98,13032.603836
-54.770676,124,13039.666398
139.240455,32,13041.540893
236.416581,93,13048.588373
220.040345,133,13056.544212
139.394027,38,13058.891118
-100.058961,1,13059.032855
185.202324,74,13063.590502
161.216384,46,13066.886293
-100.81151,11,13067.625181
-81.655949,35,13071.170737
-97.795671,32,13073.665476
169.203537,65,13078.563329
208.525526,39,13082.765866
-20.06532,95,13088.665908
117.56505,12,13089.520265
114.547893,15,13090.491216
163.578239,63,13094.286278
-100.326943,1,13094.405177
190.507898,80,13099.135621
222.572025,90,13104.567405
197.586644,75,13110.489361
210.16934,94,13116.920183
5.375142,67,13122.784348
-99.900435,1,13123.618431
154.617298,46,13126.334647
-79.124891,25,13128.371218
136.760909,32,13130.35125
163.617338,77,13134.782237
194.708842,81,13139.611092
122.789384,40,13142.133096
205.199134,144,13152.364832
184.66669,61,13156.742938
-140.208414,69,13162.732022
-101.373864,14,13163.645499
-99.955897,1,13163.765804
211.907986,101,13169.737528
-100.446802,8,13170.981451
242.140668,133,13179.244981
230.752019,95,13185.414209
-71.99213,85,13190.88131
-100.055285,1,13192.972305
220.981662,95,13200.50304
217.536131,92,13206.081158
178.363591,54,13209.904343
181.258854,15,13210.921966
172.821139,98,13216.936544
-75.812638,81,13222.158547
-59.225901,135,13230.117656
128.456937,24,13232.265399
-102.949986,2,13232.585882
-100.113004,1,13232.878384
-100.092708,1,13234.961246
-99.805009,1,13237.065562
96.006529,66,13242.887527
-94.671389,19,13245.977079
155.37592,58,13251.275115
154.079047,53,13256.329451
-10.340261,106,13262.318303
170.854735,47,13266.111538
302.140618,63,13270.937243
183.281384,87,13276.177376
199.013669,94,13281.706318
132.930802,61,13286.299052
-86.827498,47,13289.848239
-86.249158,80,13294.743183
143.371864,43,13297.485849
189.289868,65,13301.914629
-97.150671,48,13304.824842
180.724787,66,13308.615279
-100.062979,1,13310.218964
-99.642637,1,13311.249279
144.635913,30,13313.968072
240.265432,93,13320.478883
213.472697,80,13325.889704
217.333644,73,13332.061122
212.260817,78,13337.014391
172.620693,113,13344.150043
-100.177815,1,13345.93073
160.145843,46,13348.654636
-85.101439,61,13352.195732
99.890305,1,13352.941396
208.095577,86,13357.840379
155.922557,54,13361.627898
-99.599067,6,13362.01948
154.272286,50,13366.703918
118.171694,13,13367.55005
130.025333,42,13370.922785
169.582202,43,13375.39447
-101.364421,19,13376.515257
192.653265,68,13381.326502
20.01382,19,13384.464197
-387.967305,2,13384.604997
-38.890516,81,13389.390052
161.113037,48,13392.584093
176.18547,13,13395.358845
257.21325,115,13402.465699
180.768832,67,13406.841692
148.856589,86,13412.259648
-100.09897,1,13412.542845
202.118975,91,13417.917551
-99.968761,1,13419.235447
205.066876,89,13424.765076
178.459931,56,13428.022622
232.127739,45,13432.613993
-100.06056,1,13432.838552
-100.100133,1,13434.952598
-100.051914,1,13437.066443
-100.066967,1,13439.177288
167.2256,49,13443.789654
217.644096,86,13448.843056
136.054472,30,13450.912762
156.787836,45,13454.19354
243.545821,105,13460.263991
231.489781,93,13466.626511
113.905549,28,13468.311187
159.904526,159,13477.800872
169.660744,61,13481.982283
109.092351,11,13484.484646
-100.04141,1,13484.654856
183.111479,57,13488.832458
236.931455,136,13497.08193
222.23287,89,13502.420388
-100.050086,1,13502.760807
-82.254669,3,13503.458946
-107.856181,1,13505.524405
150.778729,34,13507.954675
-66.871625,66,13511.868234
172.881258,73,13516.176382
253.039616,122,13523.310726
202.621965,76,13528.076394
217.57558,86,13533.23875
195.292639,117,13540.4542
190.593197,63,13544.514183
-26.291412,101,13551.8558
-100.035318,1,13553.053279
123.16949,27,13556.072505
145.636474,57,13560.525529
128.399625,33,13564.422919
106.208355,16,13565.536916
-100.091864,1,13565.834957
195.370421,68,13569.891107
162.452444,56,13573.573858
133.140682,45,13577.190866
197.537406,72,13581.515473
114.588404,21,13584.098817
172.9566,78,13589.548132
102.358841,10,13592.093845
178.625432,94,13597.435793
-99.922168,1,13598.169888
213.880813,62,13603.314957
-273.273665,1,13603.475322
149.277346,37,13605.996475
137.835756,278,13622.780154
239.841255,92,13628.34629
219.690486,85,13633.691375
225.9188,136,13641.790105
185.492757,33,13643.964909
163.818979,95,13651.514751
131.219629,28,13653.221966
124.801592,21,13654.632988
-99.406984,1,13654.867854
-100.0704,1,13654.986464
-99.511997,29,13656.752972
-100.06466,1,13658.854157
234.809653,118,13667.504793
115.759648,21,13669.817945
-100.116135,1,13670.391911
-100.115918,1,13672.488791
170.492578,56,13677.692608
203.231077,69,13681.9715
176.749399,93,13687.481865
142.798207,31,13689.601382
176.402998,70,13694.053164
113.524337,117,13702.75096
-100.753112,1,13702.868878
195.873937,93,13708.81479
146.870358,30,13710.916322
154.263991,84,13715.848739
191.990337,85,13721.332265
113.102802,16,13722.701195
199.683306,84,13728.105225
147.571729,54,13732.503527
108.154461,10,13733.296403
-98.084597,2,13733.479357
163.925516,42,13736.078264
-13.293145,300,13753.192356
172.197177,31,13756.464886
126.901884,31,13758.512709
-58.465867,1,13759.691293
162.831742,49,13762.587395
-113.445155,38,13766.829819
176.913966,73,13771.189563
200.009169,173,13781.265095
-96.556653,30,13784.946291
143.703154,38,13787.14744
167.432037,83,13793.917038
236.539125,46,13798.638508
196.387874,74,13803.248917
194.658245,107,13811.344264
206.156281,92,13817.985977
158.582776,52,13821.035511
232.373384,117,13829.785279
129.910727,30,13831.935966
-100.099786,1,13832.338026
187.840847,68,13836.765677
157.38583,124,13844.335138
199.427458,93,13849.892114
-34.628068,96,13856.074372
197.978068,87,13861.574445
-79.817,48,13864.496193
174.748373,80,13869.39231
182.802483,83,13874.625211
-31.791443,80,13879.483545
129.399657,28,13881.340127
-99.455096,1,13882.351439
-100.104618,1,13882.468154
148.214921,39,13884.797448
128.527388,29,13886.553574
187.621091,73,13890.92877
226.711902,66,13895.521018
-99.313941,1,13895.638588
186.571307,74,13900.077178
135.123703,25,13902.200466
116.641738,20,13903.566967
231.190652,106,13909.880899
-98.500365,7,13911.409954
113.72826,17,13912.482743
140.8064,30,13914.264934
185.983788,140,13924.461594
125.203202,25,13925.932466
201.678233,81,13932.420686
246.667932,116,13939.241316
168.00497,42,13941.739354
200.132288,37,13945.860086
235.308777,100,13953.577977
170.52896,49,13957.30559
-80.494089,35,13959.613459
185.731992,61,13964.068083
-93.514201,73,13969.801431
212.886072,87,13975.168758
176.733276,60,13979.494257
166.809018,85,13984.726814
-10.307738,136,13992.794405
205.27033,71,13997.049284
-18.938576,289,14014.031097
-100.097025,1,14014.835683
174.792192,91,14021.365744
140.933605,74,14026.431863
221.73817,149,14036.897629
313.113057,96,14043.403674
-74.427811,25,14044.864185
235.836525,110,14052.753596
198.964795,129,14061.208232
163.747981,57,14064.573594
167.05431,53,14068.869782
151.818681,40,14071.439903
188.473877,71,14076.272106
-121.70512,2,14076.417151
-100.066965,1,14076.538333
118.889135,19,14077.702275
-100.06667,1,14078.404722
216.144617,78,14083.241722
-79.490487,62,14087.009968
187.985502,87,14092.761377
137.571931,31,14094.613395
-35.726116,137,14103.023749
-100.055877,1,14105.109507
-99.962901,1,14106.561499
165.116562,37,14110.066861
163.124448,114,14116.606082
142.530157,34,14118.978079
-11.138298,300,14136.498905
178.815106,62,14140.425802
235.70347,90,14145.954191
174.117442,51,14149.183553
153.070274,37,14152.567264
193.235104,94,14159.157031
-100.081795,1,14159.72419
155.892573,39,14162.022839
152.340085,62,14165.877583
172.479771,70,14172.272198
141.031335,31,14174.129504
154.29234,49,14177.556176
150.21585,138,14185.438774
224.131741,91,14190.91639
121.951294,26,14192.421612
164.895963,99,14200.310668
-98.888824,1,14200.460478
202.792995,90,14206.207239
149.870168,44,14208.964601
183.097903,62,14212.741766
134.635812,80,14217.536735
205.285354,74,14221.797225
131.51275,27,14224.891575
145.512299,38,14227.079154
197.769591,92,14234.175794
132.572016,23,14236.559455
118.984159,19,14237.976143
-212.970315,1,14238.577789
206.493261,68,14242.596251
153.61946,58,14246.000297
217.953152,79,14250.687063
164.443633,66,14255.218089
122.491375,20,14256.409201
-100.120808,1,14257.602281
-100.057926,1,14259.693883
175.925948,58,14263.840241
132.778808,22,14265.432931
154.138365,37,14267.800845
209.526342,86,14273.600498
-41.760808,134,14282.016275
216.462365,124,14291.095203
212.30075,96,14298.056564
181.481919,66,14302.234319
-126.994218,29,14305.932632
-100.082437,1,14308.02527
140.301136,30,14310.426742
224.964675,132,14319.880184
166.308324,72,14325.483993
125.400232,21,14326.881172
-99.857612,1,14327.003714
-100.056806,1,14327.706617
145.301807,38,14330.420341
-36.929555,122,14337.943194
-100.066455,1,14340.046368
152.335714,59,14344.630068
162.805669,44,14347.194981
194.451375,62,14352.705611
-15.010475,84,14359.446599
-100.084147,1,14361.546792
210.857135,86,14367.869204
-100.183405,1,14367.985667
174.031648,66,14372.833726
199.782261,73,14377.1152
134.808573,33,14380.033252
203.056803,78,14384.529502
150.839638,36,14386.790505
162.284743,42,14391.088489
108.238448,67,14396.951377
110.140168,13,14398.059592
148.327304,34,14400.348929
-99.670371,1,14401.001062
169.297274,50,14404.026102
-68.522492,63,14407.874349
-100.130358,1,14408.114722
222.549051,98,14413.899102
-83.328996,118,14420.814421
212.534355,122,14427.867
-100.076664,1,14428.2598
-99.578415,1,14429.39716
146.869841,39,14431.64157
175.481546,83,14437.71602
240.094476,89,14443.226799
194.502715,67,14447.421048
128.140041,40,14450.039259
186.202512,143,14458.251827
135.514732,38,14460.498543
-82.299474,21,14463.724089
129.765908,87,14470.373267
196.25357,70,14474.577549
-100.083175,1,14474.929183
-31.719189,152,14483.863858
196.056479,98,14489.669924
191.075465,69,14493.649437
270.007314,127,14502.854907
193.988077,69,14508.355279
177.600044,102,14514.636469
249.923125,114,14521.897659
-100.057785,1,14522.864989
-100.060904,1,14524.936788
-100.073923,1,14527.006892
-105.059352,1,14528.800349
205.813948,76,14533.388467
136.105996,72,14538.253165
253.584632,123,14547.257451
-99.397794,6,14549.654055
-100.075293,1,14551.755201
136.107643,44,14555.736327
259.780492,125,14563.443865
-57.060436,81,14570.110229
137.237676,30,14571.906081
177.940921,58,14576.789354
219.703956,86,14583.27885
102.700551,6,14583.843669
155.22759,78,14588.345573
-72.158622,160,14598.680528
-99.736414,1,14599.131846
131.656319,42,14602.790631
-99.519765,1,14604.663673
139.770307,26,14606.236399
-37.48621,9,14608.780818
167.559844,72,14613.903708
163.940307,56,14617.656854
206.276691,51,14622.316764
-99.98353,1,14622.777544
-143.7873,1,14623.811802
103.45748,21,14625.148881
-99.916984,1,14625.421499
167.477211,50,14628.359977
188.773026,68,14632.937032
144.379648,46,14635.79095
214.501136,88,14641.268144
158.22594,66,14645.250762
149.395152,29,14647.061958
193.216066,63,14650.834806
-122.719227,5,14653.163313
166.854559,60,14656.649248
149.949252,42,14659.139199
209.784079,77,14664.066796
-282.206255,1,14664.634447
-100.257534,4,14665.305973
-27.15577,103,14671.167259
-91.762638,20,14672.929286
128.413432,47,14676.046499
-100.069621,1,14678.15115
-100.089379,1,14678.381489
140.908953,40,14681.556686
122.271026,19,14683.371884
200.69149,82,14690.154499
-81.029926,26,14693.674081
206.763779,90,14700.775415
124.161277,25,14702.635481
-99.670486,1,14702.975478
151.038709,55,14706.11763
-123.279497,18,14707.419292
-100.073789,1,14709.512976
-100.109437,1,14711.59703
-100.099262,2,14713.745724
-100.060984,1,14715.853978
-100.058287,1,14717.948394
222.521095,46,14722.602609
196.524312,97,14730.095258
212.090041,106,14738.083136
-100.062462,1,14739.319904
-100.064143,1,14741.411808
198.598745,69,14746.512975
228.434152,90,14751.607945
171.449735,65,14756.797057
179.922903,92,14762.175544
106.793162,5,14764.494854
-43.654718,7,14766.932563
184.195179,62,14771.679759
-228.316294,38,14775.923961
162.064299,44,14779.954349
-93.076812,111,14788.462354
214.853968,78,14793.401457
224.541508,143,14802.774322
238.792222,112,14810.723049
51.269302,9,14813.696569
-99.692627,1,14814.410575
172.203576,62,14817.997895
-241.143867,10,14820.621936
-100.297862,3,14820.849359
134.413438,54,14824.027947
162.703904,117,14832.626431
165.206187,54,14835.714743
-167.105054,1,14835.994924
201.353758,113,14843.926318
-35.705948,69,14848.847582
-100.107556,2,14849.923847
211.618073,188,14860.923765
163.231684,76,14865.960476
-170.46224,19,14869.067243
-100.04295,1,14869.23909
-34.096413,69,14874.848671
-100.06956,1,14874.965475
178.35219,79,14880.636022
157.009621,80,14885.704516
100.532563,7,14887.453031
170.98473,45,14890.305472
242.353778,134,14898.623313
142.766497,61,14904.086414
166.188865,103,14911.953602
149.231697,46,14914.598948
-120.219041,173,14926.140488
198.733805,85,14931.696484
-36.985726,80,14936.791152
179.090274,40,14939.192861
193.760854,95,14944.626328
176.047646,57,14948.796086
-100.051829,1,14949.265969
-201.318744,2,14949.412515
202.153342,79,14954.117574
151.971235,58,14958.314177
163.11614,68,14963.042197
197.789165,77,14967.736543
128.102298,40,14970.312116
173.174845,157,14981.196771
130.484735,46,14984.126656
-99.953498,1,14984.297966
-42.123658,84,14989.115783
171.418541,53,14992.577974
156.000684,92,14997.846786
227.528544,83,15003.347671
164.40418,49,15006.370352
-203.636514,2,15006.505307
1970.293787,3,15007.231363
215.141945,133,15016.859166
105.691087,15,15019.246448
127.287438,26,15021.435712
182.341223,54,15026.43866
174.880836,48,15029.300546
201.749927,72,15034.63831
105.261746,4,15036.861128
175.873069,59,15041.895409
149.234634,55,15046.228258
-100.191947,4,15046.733362
195.858434,76,15053.036478
205.036774,67,15058.377837
-148.659012,3,15060.586205
-100.00453,1,15062.678172
144.568205,38,15066.868443
-109.845003,31,15070.666506
-53.353812,111,15078.713419
-114.21169,1,15079.761269
161.293647,39,15083.096683
-100.100241,1,15083.432775
135.817427,96,15089.863701
-89.425192,116,15099.107252
189.636553,57,15103.028305
195.458795,88,15108.140858
264.735696,48,15113.034164
164.417548,79,15117.965871
-91.26944,55,15121.845814
138.996376,27,15125.432256
167.115652,84,15131.787178
193.075539,82,15136.931815
153.730979,39,15139.37435
-100.146093,1,15140.068586
-100.036468,1,15142.138399
225.639183,96,15148.404411
140.049918,37,15150.707652
180.730612,76,15156.91306
172.34596,74,15162.013723
156.94993,52,15165.227378
179.370357,58,15168.791025
227.447961,100,15174.710989
118.419774,22,15176.846965
-100.058117,1,15176.96819
-74.517907,90,15182.703876
-179.67723,6,15184.998835
-100.425896,5,15185.327304
183.200952,87,15190.518838
-100.292622,1,15191.54213
168.313339,62,15195.225329
133.033132,26,15197.400853
138.232641,91,15202.766327
122.769443,17,15204.257466
131.67041,44,15207.224736
154.986067,42,15209.809529
131.974318,27,15212.788544
171.618715,78,15219.350785
-41.110856,3,15221.564003
-100.060479,1,15223.669354
181.23242,57,15228.962878
137.594561,27,15231.796969
127.404172,29,15235.49371
99.921108,1,15237.587734
221.206813,84,15243.278646
104.322679,9,15244.522115
166.021575,76,15248.949742
127.81423,28,15252.572992
129.026686,22,15255.867564
-100.022915,1,15256.041364
220.53769,89,15261.613608
179.942908,96,15267.345769
215.436119,58,15272.618655
287.398633,64,15278.50189
147.196803,69,15282.497377
-99.67244,1,15283.069615
-99.786961,1,15285.168351
247.298338,169,15295.356297
220.554284,77,15301.522063
318.91101,60,15306.650515
253.799718,58,15312.099949
243.256468,109,15320.255366
197.079431,87,15325.93629
-99.489391,1,15326.614704
-99.617839,1,15328.717737
-93.048753,21,15331.963648
117.811828,41,15336.374085
-246.224932,44,15339.096142
-102.30039,1,15341.187924
-152.053528,1,15342.153302
205.994587,87,15347.270225
214.798492,87,15352.630425
150.203945,48,15357.390754
271.439124,155,15368.152889
102.253377,5,15370.476307
179.681283,115,15378.992418
-25.592163,100,15386.406415
155.678721,52,15389.546067
157.699078,38,15392.173236
190.766712,62,15396.198742
139.648557,49,15399.118081
117.467719,17,15400.343441
205.665738,76,15404.997598
179.424138,63,15408.660408
-33.080964,1,15408.944418
237.348411,104,15415.916728
209.590829,106,15422.083595
158.954163,40,15424.903265
224.691934,147,15435.486699
-100.071332,1,15436.736506
-92.179598,60,15441.671232
-76.931964,110,15448.179233
160.292924,60,15452.196141
100.583847,1,15453.251967
-158.321733,1,15454.795058
189.229735,91,15460.119599
-82.413986,5,15462.416522
169.898616,75,15467.643567
-100.051217,1,15468.53028
130.715527,52,15471.923813
199.015996,80,15476.960968
-99.986042,1,15478.788562
-99.797832,1,15480.856211
148.430204,82,15487.539147
157.561354,59,15491.054638
122.950893,21,15492.507729
185.664609,60,15496.235969
135.90982,25,15498.352266
-100.07502,1,15498.586371
201.467303,134,15506.879575
144.491766,33,15508.901722
244.540473,105,15515.340369
207.861025,120,15522.688144
192.146535,69,15526.932341
-82.820947,3,15529.118207
-100.165157,1,15529.959207
-100.06893,1,15531.043523
244.275287,108,15537.670541
-98.589047,2,15538.179257
218.529424,83,15544.435321
151.132171,58,15547.975973
149.3643,129,15557.322935
-100.072278,1,15558.685186
207.091639,87,15564.908842
-100.119545,1,15565.023815
155.748239,41,15568.308907
210.424901,78,15573.104944
166.643116,90,15578.441665
236.387816,18,15581.503556
227.189157,126,15590.877971
-169.767172,12,15591.628049
-93.132305,109,15598.24919
217.656707,97,15603.816131
-41.501444,140,15613.798825
169.186032,47,15616.528307
147.758242,31,15618.345268
213.182662,76,15622.718156
156.237445,48,15626.971765
-99.905595,41,15629.926129
118.874059,30,15631.796949
169.627807,66,15636.081744
126.690054,32,15638.012868
164.539988,87,15645.011189
174.628181,69,15648.956702
-100.712233,8,15649.693712
138.431543,118,15656.616976
-100.367686,1,15656.737567
181.931057,61,15660.854316
188.685521,77,15665.423604
-98.574288,4,15666.335838
-83.863525,38,15669.601603
-87.960891,116,15676.765965
213.409326,83,15681.881962
226.04131,90,15686.992917
180.503321,55,15690.196276
245.14989,101,15696.332162
267.620555,104,15703.592695
181.576756,66,15707.646605
215.617443,84,15713.015549
251.112339,104,15719.095062
230.788643,131,15728.542253
221.228035,87,15733.464437
-100.100514,1,15735.555544
-99.928739,1,15736.816414
149.833411,64,15741.976821
-89.590725,4,15744.251486
-99.502686,1,15744.760382
201.177209,70,15749.277044
-99.828811,1,15750.98871
-106.910938,145,15761.212947
103.109043,10,15762.457811
-100.238325,3,15762.910228
129.841482,20,15764.209511
-100.004773,1,15765.02995
-99.818162,1,15765.349204
-92.614433,94,15771.136421
154.03335,36,15773.358623
-99.72538,1,15774.24619
189.796328,90,15779.513042
109.980309,16,15780.640387
183.900542,87,15785.6487
228.87148,59,15791.059601
-82.38046,82,15796.586048
160.841425,42,15799.153056
177.005571,62,15802.977691
151.786094,40,15806.351382
174.555365,92,15813.63063
117.319888,77,15818.174926
207.635075,89,15823.619898
102.818272,69,15827.700193
190.963863,66,15832.772937
-6.693149,124,15840.022912
150.096528,45,15843.859528
211.23138,92,15851.085894
160.710251,55,15855.597932
-231.462525,1,15855.683616
229.974232,107,15861.762148
153.719101,51,15866.343492
-100.437099,1,15866.769696
151.62215,53,15869.994496
-159.647315,39,15874.224233
-46.101925,97,15880.198855
175.156153,59,15884.886737
210.607659,71,15890.952515
-120.184231,3,15892.222352
-108.728564,1,15894.282414
195.195258,78,15900.236643
215.611683,86,15907.09873
189.999393,88,15914.093857
236.858439,143,15923.703615
154.456783,71,15929.747902
197.620957,81,15934.614666
-100.106617,1,15935.862633
219.166796,100,15942.28794
-85.001117,17,15945.279304
-100.19648,3,15947.49283
207.614839,78,15953.064745
-92.803337,263,15968.819281
228.825502,145,15978.10515
109.918526,14,15979.112756
143.979322,47,15982.267895
-100.076502,1,15982.840476
170.660322,82,15988.490367
129.536308,22,15989.975149
172.546463,50,15992.868915
157.930346,68,15997.122452
156.013208,100,16003.223497
130.118864,28,16005.414806
183.49466,58,16009.467892
128.870697,19,16011.104511
184.605821,92,16018.52797
-100.287724,1,16018.656514
154.319757,47,16021.704877
172.87142,49,16024.793228
194.667162,72,16029.208568
139.068712,38,16031.590813
-100.057091,1,16031.779321
142.321939,37,16034.101314
-96.739377,9,16034.774739
-100.141872,1,16034.909753
138.699862,42,16037.836662
-100.054452,1,16038.081427
147.19243,55,16041.564655
240.953148,99,16047.468058
99.942929,1,16048.14595
168.206513,59,16051.684078
273.221741,133,16059.688578
166.955085,94,16065.883707
175.491008,78,16071.249147
-100.069218,1,16071.589071
-93.171319,28,16073.568605
168.84272,54,16076.951394
150.781094,50,16081.314661
118.900677,14,16084.164703
152.46868,27,16086.998408
-100.436885,1,16087.395594
-99.983521,1,16089.113539
199.640426,70,16093.862485
204.375584,73,16098.404033
-99.842013,1,16098.862074
-100.7791,54,16102.779599
124.252118,81,16108.846802
192.655664,133,16117.11919
-100.05255,1,16119.202551
-100.064599,1,16119.491529
130.976381,55,16124.225327
-261.139597,2,16124.470226
-102.062322,1,16126.56456
162.17692,45,16129.539323
105.446435,100,16135.611197
166.789114,58,16139.322976
223.978759,91,16144.563145
181.531461,67,16148.834565
-28.07718,121,16156.643171
120.548051,62,16161.419669
127.728274,53,16165.468557
159.146536,49,16170.187725
165.909417,81,16175.960195
147.928915,35,16178.284243
141.354733,30,16181.294792
135.316823,25,16184.349539
229.334757,99,16190.080108
159.438332,113,16198.58246
-93.871827,212,16210.627208
216.581303,97,16217.05939
144.959612,37,16219.495941
146.777283,40,16222.303722
163.072015,54,16226.016788
162.234388,44,16229.96647
120.126151,43,16234.416914
-100.107684,1,16235.383227
215.310643,96,16241.898759
183.085202,65,16245.712889
142.792031,43,16249.649442
-99.488856,1,16250.724495
-100.096671,1,16252.826779
-99.406667,1,16254.932548
-100.066095,1,16257.039035
226.536197,41,16261.382515
122.601101,80,16267.914922
-93.260014,10,16268.649708
199.747586,76,16274.136231
210.701083,106,16280.500597
162.247642,64,16284.218105
203.963816,71,16290.28355
-16.5121,96,16297.717164
199.604255,89,16304.306038
161.077475,51,16307.930099
192.088142,90,16313.309032
228.297729,106,16319.870951
154.338327,34,16321.915247
187.353701,109,16328.406261
-89.38943,34,16332.405679
144.80305,28,16334.218853
200.661722,67,16338.446403
111.294359,9,16339.539822
-66.491882,68,16343.621071
194.440651,78,16348.236098
-1.358393,163,16358.411332
-96.471931,7,16358.922865
-99.805787,1,16359.912818
-100.129524,2,16360.989371
168.18462,43,16363.612204
-22.083186,90,16369.441364
173.321702,47,16372.318879
-25.794709,94,16378.108473
-56.330207,73,16382.88258
-100.105176,1,16384.985394
174.839276,73,16391.151447
215.951584,85,16396.079791
161.790447,51,16399.146223
-24.140102,147,16408.175871
-96.074276,12,16408.971772
131.519834,25,16410.563962
128.090826,29,16412.309568
218.046803,102,16420.069552
124.675447,21,16422.427503
108.91863,7,16422.876254
215.052126,84,16429.11024
167.089804,48,16432.837292
188.431387,67,16436.909527
124.234761,26,16438.484121
-100.067475,1,16439.494337
202.118941,67,16443.680594
-54.704982,110,16450.612496
-100.056915,1,16452.711983
200.833547,121,16461.836981
-108.528869,1,16462.102192
-100.070598,1,16462.746386
228.764642,96,16468.489866
194.942269,74,16473.020898
237.62952,116,16479.719626
-201.836904,1,16479.822082
-100.106683,1,16480.111419
184.410993,76,16484.554228
223.816805,111,16492.385862
192.552818,86,16498.294244
-232.7657,3,16500.47597
125.247241,18,16501.783851
242.66294,121,16508.682508
133.539416,36,16511.478718
122.557681,51,16514.677398
212.2041,79,16520.329529
263.751954,62,16524.31111
173.658685,222,16537.009094
220.817381,93,16543.963195
194.006568,86,16548.951085
-453.350548,2,16549.771171
238.193226,108,16556.552069
186.386209,75,16562.012975
158.476958,49,16565.277668
147.076538,42,16567.692404
-99.707031,1,16567.916539
131.330484,41,16571.7696
142.528433,84,16577.041167
168.633492,59,16580.56427
118.468773,45,16583.1473
203.841305,84,16588.661532
211.612749,75,16593.773577
132.944182,46,16598.41897
-58.773352,103,16604.435088
217.301448,94,16609.975797
-100.06161,1,16610.174696
-100.108569,1,16610.900819
175.789175,49,16614.705303
139.998828,33,16616.776595
44.146415,1,16617.983891
-60.061777,128,16625.776976
216.742304,60,16630.326796
-52.624251,70,16635.377636
-100.054823,1,16636.586675
99.937482,1,16636.701355
140.731898,41,16639.656612
-100.111636,1,16640.011512
-66.205625,188,16651.44477
-99.850186,1,16653.548531
-100.108818,1,16655.660123
-99.419573,1,16657.768286
-99.374604,1,16658.986296
-95.957614,1,16659.578452
189.329631,67,16663.529372
127.02893,33,16667.437248
114.594178,16,16670.387998
162.98589,138,16680.211366
195.492463,33,16682.735208
-100.320444,1,16684.64141
-100.401733,1,16686.729457
154.118257,45,16690.486883
122.219397,17,16692.013874
171.917414,50,16694.978728
214.798964,98,16701.109692
-95.078691,5,16701.98983
-60.451804,111,16708.627
-93.065867,188,16719.430884
-100.230619,3,16720.009284
-209.742316,2,16720.559752
-103.707192,1,16722.621045
153.558571,50,16725.676388
177.485998,179,16736.14557
-100.058836,1,16737.787792
-100.09395,1,16739.890956
-100.088273,1,16741.98465
-100.068658,1,16742.835779
162.466485,75,16748.423402
211.553898,98,16754.057466
192.636627,25,16757.529692
157.363001,103,16765.582186
220.126621,63,16769.546928
-147.882196,10,16772.128914
-103.44605,2,16773.466579
203.531197,81,16778.574419
99.928786,1,16780.007619
135.167317,39,16782.686572
243.410645,130,16790.114994
259.081539,85,16796.931414
-99.615688,1,16798.519085
-100.273151,1,16799.682327
-86.56391,81,16804.731382
-100.068703,1,16806.827922
183.601682,115,16815.352059
-100.060145,1,16815.587981
158.263628,51,16819.258718
-83.301864,70,16824.663981
-100.100211,1,16826.77573
-100.066013,1,16828.88998
-100.094411,1,16831.004823
-100.04491,1,16832.32441
-100.049666,1,16834.391229
121.237435,88,16840.183642
219.045197,56,16844.628638
149.084573,139,16854.477768
179.593344,63,16858.290343
228.039588,81,16864.896247
-68.214655,33,16868.827141
156.322155,68,16872.769957
133.09681,62,16878.314541
130.531237,32,16880.28747
168.587618,45,16883.109963
-213.045826,1,16883.836818
193.89363,78,16888.630899
235.164395,94,16894.26475
-100.095462,1,16895.87402
215.491905,91,16901.588991
124.735426,108,16909.729883
168.876796,63,16913.402993
157.963829,81,16918.486423
208.32735,111,16925.520486
203.606787,71,16929.717268
204.199429,155,16939.947906
206.433867,101,16946.421038
191.760477,63,16950.858728
241.389512,105,16957.154935
165.87113,50,16960.302307
162.886636,69,16965.378711
-190.622957,4,16965.602666
214.096098,88,16970.919941
123.651131,51,16975.869765
191.790818,68,16980.121375
164.218712,70,16984.725414
-100.043149,1,16985.430598
222.130458,96,16991.28144
159.198065,45,16994.015528
198.197371,66,16997.940468
131.311548,24,17000.318553
281.02212,43,17004.836401
213.378148,81,17009.495168
143.755903,34,17011.716595
160.468594,46,17014.387
143.703617,47,17017.518576
-95.989915,27,17019.112409
169.970745,55,17022.300371
-100.00495,1,17022.709145
181.292293,50,17027.174828
174.881399,55,17031.340391
126.982035,18,17034.261264
211.943446,83,17039.165497
129.414782,30,17040.935891
-99.89888,1,17041.218616
221.640509,81,17045.89472
-100.223686,1,17046.010456
235.707876,104,17053.452316
-100.076522,1,17054.139672
-100.050699,1,17056.201536
-100.328126,1,17058.2732
160.718814,45,17061.476869
-34.459243,48,17064.939187
125.158675,107,17070.992393
145.733356,33,17074.898419
140.556807,29,17077.667303
274.412291,123,17086.650824
194.353869,58,17090.339486
136.092579,34,17093.354642
227.329705,105,17100.209048
183.211694,82,17105.036054
-101.238684,4,17106.918813
317.395902,73,17111.229483
-312.164799,2,17111.644518
226.618817,86,17116.618948
249.147054,105,17122.967542
156.966901,45,17125.777357
190.299833,72,17130.151219
131.593144,29,17131.903329
196.962174,71,17136.861144
237.561065,97,17142.675478
243.170127,106,17149.348542
256.890146,73,17154.0482
223.072958,82,17159.410374
139.252919,139,17167.776464
222.221375,82,17172.956575
245.70338,116,17179.924548
205.654179,90,17185.106271
218.418134,76,17190.398895
273.833084,40,17193.431604
-100.071375,1,17194.388855
194.641996,60,17198.199495
220.893178,127,17206.22749
-116.400371,1,17206.565614
-100.055798,1,17206.962208
186.500798,81,17212.341697
253.087807,62,17217.356449
229.005216,36,17219.493664
220.289866,85,17225.390707
163.466747,121,17234.427942
167.215225,57,17237.968597
-99.982909,1,17238.140893
141.801028,32,17241.143393
153.9853,46,17244.247436
230.553325,96,17250.250163
-100.262489,1,17250.439358
233.86341,103,17256.724808
-100.086478,1,17258.191343
174.597229,60,17261.748149
152.628541,40,17264.198586
165.320108,55,17267.517948
187.837307,68,17272.12697
113.354983,18,17273.527031
165.448565,73,17278.068934
186.44882,71,17282.315693
168.395566,68,17286.304797
271.424198,113,17292.772367
100.594627,121,17300.212062
-100.258388,4,17300.890756
-114.813177,1,17301.411797
-99.420216,1,17302.896336
-99.993654,1,17305.005596
-99.458002,1,17307.113371
135.115736,48,17310.953061
208.769783,28,17314.555062
4.391412,134,17322.923777
134.021087,32,17325.311616
199.034689,77,17329.796764
127.445689,46,17333.513254
173.396451,65,17337.394671
-33.916765,283,17353.685801
-100.098316,1,17353.813707
198.286953,80,17358.94084
186.639661,1,17359.584646
156.136063,48,17362.727349
123.124086,18,17364.087365
170.097991,51,17369.233032
164.329645,62,17373.140362
180.668876,77,17377.926659
-100.059303,1,17378.839413
-100.11074,1,17379.019761
172.220973,59,17382.509278
190.856165,71,17386.764641
142.380328,30,17388.577567
-100.080907,1,17389.225762
-105.860578,97,17395.397432
213.69679,121,17402.33859
129.859071,37,17404.546401
125.098273,50,17407.485321
147.89236,34,17409.518251
203.271551,86,17415.398738
211.649992,69,17421.379933
206.66755,65,17427.147094
-22.766994,191,17438.586609
-100.104256,2,17440.736867
-100.068254,1,17442.837263
-99.431599,1,17444.953147
-99.603728,1,17447.061923
152.783297,50,17452.020088
150.265273,49,17454.932945
158.713429,56,17458.379555
119.508573,18,17460.08535
193.411156,63,17464.538301
-59.923842,101,17470.487534
138.702261,57,17474.813616
146.484408,78,17481.061633
207.751346,77,17487.446436
-97.218496,62,17491.637473
153.287417,77,17496.663238
126.401651,23,17498.020309
-100.144192,2,17498.249601
144.906032,35,17500.297353
106.472205,14,17502.172515
-98.836873,22,17504.778082
-100.077657,1,17506.883782
-66.503974,22,17510.183646
178.41321,79,17516.149943
165.131492,45,17518.96762
145.801773,33,17521.794247
219.769233,74,17526.525573
119.084823,14,17527.426379
-100.080374,1,17527.54058
-100.057456,1,17529.635911
-100.017543,1,17531.358407
-99.646741,1,17533.448033
-100.035131,1,17535.052185
222.572791,82,17541.191473
172.597902,47,17544.010717
173.934268,54,17547.918314
130.713235,20,17549.634141
-100.057345,1,17551.424366
195.555475,82,17556.669902
209.535808,95,17563.450153
214.244806,42,17567.88721
-77.20105,97,17573.487249
1.242896,141,17581.583808
-99.74918,1,17582.89154
106.680538,7,17583.62624
-100.289583,1,17585.277427
-100.307391,4,17586.556657
198.496065,74,17591.137601
175.151421,63,17595.130165
173.938631,53,17600.163279
77.721962,300,17617.451676
-93.305008,31,17619.363272
186.794018,29,17621.373705
238.813752,118,17629.153213
116.381486,12,17631.880753
-182.905843,31,17635.716089
107.247563,14,17636.88423
-99.717534,1,17637.599417
179.704991,93,17643.50845
117.747655,21,17645.158996
-99.932081,1,17645.348296
-100.087345,1,17645.667051
192.588376,64,17649.972088
138.02886,60,17653.671566
203.405478,95,17659.073303
-100.346705,1,17660.595485
204.069189,75,17665.157887
134.391734,34,17667.742783
181.839067,75,17674.034117
192.772772,71,17680.061646
-100.128847,1,17681.34126
-100.830329,1,17683.432479
-75.206561,194,17695.693932
152.437914,55,17699.60217
209.867655,75,17704.300989
-86.584868,289,17721.069791
218.357561,84,17725.99302
-212.014017,1,17726.888812
184.425918,68,17730.997389
139.382149,36,17733.22629
134.256981,67,17737.848213
-99.502589,1,17738.77106
144.522675,61,17743.986316
-100.276137,1,17744.164497
134.198067,28,17746.044476
194.154831,99,17753.710799
168.247632,54,17757.617505
159.696994,136,17766.158917
-100.079178,1,17766.674504
157.164268,42,17769.91418
-100.067652,1,17771.054304
174.676146,66,17774.899594
202.676209,111,17782.762308
128.834855,35,17785.285683
-15.385764,136,17793.119141
-100.06301,1,17795.189019
175.80234,75,17801.472327
218.863462,88,17807.173263
274.50894,82,17813.864962
-73.114954,87,17819.904443
-145.868117,1,17820.650911
-100.108229,1,17821.414648
-63.217507,67,17825.785515
183.952963,77,17830.402522
-100.098285,1,17832.108402
167.721384,71,17836.73265
207.456792,75,17841.113302
201.989129,54,17846.228293
226.304413,97,17852.642092
-99.442219,4,17854.290316
-36.986821,295,17870.810822
-95.938136,23,17873.280899
-100.232775,1,17875.053641
-17.791,127,17882.49076
-100.059858,1,17884.605185
-100.091874,1,17886.718691
114.081309,98,17894.28855
217.162148,74,17898.635471
-100.093458,1,17899.85502
-155.35627,28,17902.921964
186.85894,64,17908.591829
30.210285,106,17915.114308
169.07395,58,17918.459742
150.726879,70,17922.692276
-99.460067,1,17922.881654
223.633626,36,17925.229697
-100.083159,1,17925.357949
146.293848,35,17927.897289
185.450294,50,17930.967402
197.182399,64,17935.028469
159.339015,36,17937.843716
-211.961963,1,17938.734106
-286.172622,2,17938.863317
-85.990326,18,17940.85934
-100.053627,1,17941.203935
173.683364,52,17944.4163
136.811496,30,17946.279634
212.176227,72,17950.563502
210.613012,87,17955.65582
-99.723833,1,17955.903341
139.974895,29,17957.81997
203.129685,94,17963.256496
-66.973522,107,17969.311481
138.20492,47,17972.408186
229.151311,82,17978.076449
175.994164,62,17981.678372
114.712088,23,17984.852587
127.650212,24,17988.26971
-100.079579,1,17989.477026
192.513533,95,17994.913926
137.457567,31,17997.834476
181.570371,55,18000.992192
19.558104,300,18018.096365
260.638493,114,18026.130162
-100.148888,1,18026.871651
146.859069,33,18028.913957
-74.905872,53,18032.099123
138.151617,70,18036.1559
-85.999068,47,18038.559084
118.846708,17,18039.647247
196.990104,65,18043.523606
136.239958,36,18046.917842
170.537941,90,18052.398274
164.388326,67,18056.229946
123.97697,29,18058.345226
225.709049,90,18063.874033
204.855705,73,18068.329758
145.422017,40,18071.813123
157.512952,43,18074.944437
169.935767,66,18078.9308
210.759198,75,18085.345114
205.015712,73,18090.323113
-99.983224,1,18092.373575
191.829423,78,18097.559596
152.666123,40,18100.836535
219.620708,112,18109.437181
211.534825,88,18114.830151
154.671893,42,18117.486574
169.001311,115,18125.737278
8.210591,18,18128.819436
153.31733,38,18133.032134
-89.723619,36,18137.158268
150.972559,63,18140.783485
177.851515,54,18144.286813
-237.737274,2,18144.430479
156.087127,36,18146.893794
147.592642,48,18149.70674
189.825516,143,18159.397411
209.802892,92,18164.759823
235.81383,101,18171.909704
140.230346,29,18173.753899
148.798301,76,18178.558695
172.942426,35,18182.637217
206.184568,80,18187.216911
-96.257971,3,18188.244297
196.852715,107,18196.31581
178.063511,60,18200.701743
246.474299,108,18207.496581
218.932339,105,18215.972887
112.373372,12,18216.79992
162.388357,122,18224.443309
141.686598,57,18227.928496
-98.998286,22,18229.584463
-25.8249,77,18235.192456
146.677239,72,18240.247885
143.442642,50,18243.355562
201.108934,66,18247.113861
172.881517,60,18250.874048
263.459016,167,18260.557545
150.114482,44,18263.601827
-53.343739,142,18273.132192
176.584866,59,18277.432374
170.618651,71,18282.456934
144.764937,38,18285.180351
167.41785,48,18288.92912
134.508901,26,18292.15906
230.419199,93,18298.782732
156.727032,44,18303.229683
-100.051006,1,18304.535045
-99.54006,1,18306.634381
-100.060668,1,18308.734692
110.770544,22,18312.029179
-100.051037,1,18313.334121
156.357631,48,18317.160763
189.486952,59,18320.793785
262.134122,40,18325.085779
219.739283,113,18331.571524
220.112637,97,18337.18474
-23.023772,19,18340.342476
-96.223835,29,18342.095906
204.684659,73,18346.414274
113.668887,17,18347.991904
176.471903,62,18352.892491
217.318159,91,18358.683439
144.351655,32,18360.753583
164.739618,44,18363.635146
-62.019396,76,18368.299663
-100.076827,1,18368.476142
196.714758,68,18372.5524
-100.053199,1,18373.638233
165.7944,62,18377.321487
218.264183,105,18384.065302
215.411525,64,18389.690869
-52.795977,91,18394.912287
-8.959067,37,18397.112123
141.238753,50,18400.080552
-179.483293,1,18400.607409
-51.537037,96,18406.589428
132.814761,52,18410.947385
260.685646,72,18415.990397
142.844556,43,18418.744172
185.625888,62,18422.516894
208.837805,81,18427.170129
218.804263,96,18433.810545
220.106825,88,18438.916824
-100.121554,2,18440.728447
166.11346,41,18443.815401
175.427106,57,18448.137676
-100.205421,1,18448.555252
173.115515,47,18451.472483
-100.073324,1,18451.716465
195.182133,93,18457.477872
156.162651,45,18460.171809
148.897881,146,18470.569485
61.181566,300,18487.703488
169.490338,52,18492.663833
201.303939,80,18498.748925
157.593488,59,18502.428266
161.780419,56,18506.00454
187.33233,95,18512.139501
-100.152761,1,18512.395913
222.302456,113,18519.316544
-95.483799,13,18520.40218
256.748565,92,18526.307307
210.500602,63,18531.920726
-27.78725,91,18537.653409
-98.377372,2,18538.354154
114.086294,14,18540.125632
170.166797,108,18548.414897
184.268687,77,18553.009789
160.954033,47,18557.709076
157.902335,39,18560.101683
172.728309,107,18566.909176
165.060634,86,18573.811562
-70.450282,1,18574.563096
138.829124,25,18577.179903
152.937643,42,18581.42773
150.552562,82,18586.228954
127.696655,21,18587.574633
147.130297,34,18590.254095
-18.930935,300,18608.003479
-95.940026,111,18615.52707
125.636472,62,18620.616027
167.272727,53,18624.828432
281.569416,67,18630.7223
185.311623,84,18636.222371
-100.101901,1,18636.510151
-100.060856,1,18638.605526
177.203925,114,18647.084044
-99.999557,1,18647.202328
-100.12029,1,18647.513421
180.164927,68,18652.671617
202.700127,69,18658.041632
237.756408,171,18669.992544
-88.366431,218,18683.597148
100.042446,1,18685.595742
-22.02115,102,18692.401754
-100.415503,5,18694.731379
-173.40662,58,18700.069443
-22.838367,105,18706.020719
155.852062,90,18713.134157
167.104438,45,18716.401982
215.926624,34,18720.378753
228.446952,83,18725.580224
-100.290622,1,18726.003582
142.519846,31,18729.232967
237.159079,60,18734.636549
196.866702,58,18739.961143
174.713225,66,18744.512489
236.825163,120,18753.315828
244.35831,79,18759.975125
-100.081703,1,18760.834604
-100.092081,1,18761.757364
110.376457,12,18763.004186
223.676342,140,18771.217053
126.434632,42,18774.039837
202.537915,245,18789.157215
186.202936,66,18794.867444
137.501249,33,18796.909867
252.741291,108,18805.106833
179.280524,74,18811.336702
196.628232,76,18816.676275
175.055803,112,18825.199801
139.713298,91,18832.365223
138.682989,39,18835.081267
133.534839,24,18836.661258
185.04398,57,18840.104844
-101.723849,3,18842.325406
-100.063572,1,18844.436697
134.465569,123,18853.467847
140.326342,37,18856.406737
204.761341,74,18860.984363
-94.160077,1,18861.276735
100.503882,1,18861.455962
173.377084,52,18864.74705
121.962175,27,18867.458916
249.084728,94,18874.988249
173.7068,53,18878.455082
183.345817,60,18882.180399
146.314064,44,18884.875319
-100.107432,1,18886.142719
131.171828,28,18888.003969
157.282226,54,18891.373519
273.616364,120,18899.045992
120.546487,300,18918.081288
-99.902376,1,18919.284536
-87.981012,19,18920.485119
165.312693,164,18931.472622
212.671976,77,18936.995877
137.536646,49,18941.255566
-76.30524,36,18944.132863
-100.362948,14,18945.874002
-100.11848,1,18947.975326
160.431873,43,18951.529644
232.687288,94,18957.965154
138.045914,34,18960.865344
164.727809,51,18964.670821
124.537082,23,18966.555464
216.334553,76,18971.444583
-100.353768,1,18971.559124
187.089951,77,18976.194722
197.863022,67,18980.249472
196.268138,65,18984.162609
157.983831,44,18987.445768
147.559479,36,18989.765943
155.005907,78,18994.462127
127.090495,31,18996.848247
121.556107,15,18997.886391
130.218113,23,18999.460948
164.322663,58,19003.458076
135.288698,29,19006.916497
165.641978,61,19010.465674
227.257197,107,19017.146174
6.218163,140,19025.083768
161.057266,53,19028.133372
259.004322,80,19034.681234
196.393118,67,19039.52609
187.84105,59,19044.429541
141.273016,41,19047.515805
-40.919729,153,19057.163469
-99.374735,1,19059.266692
206.123643,91,19065.64272
232.197627,84,19071.362538
207.777662,76,19077.1646
156.069209,38,19080.813448
65.965456,300,19098.898669
207.426017,88,19103.966383
213.202675,83,19109.863424
155.835998,87,19117.015986
152.074879,46,19121.486409
189.013593,65,19125.311703
-91.157924,7,19126.154716
212.22329,97,19132.389448
113.226115,15,19133.650897
137.31867,31,19135.67335
172.763661,65,19140.224897
-226.189397,1,19140.32515
191.092793,59,19144.193257
200.526432,84,19150.715889
164.276946,86,19156.000764
-90.313153,66,19161.823415
-100.093452,1,19162.448632
168.889,91,19167.651344
149.171442,58,19171.179295
167.763708,60,19175.308614
191.445904,70,19181.365643
188.257728,110,19189.714342
155.948094,38,19191.950155
132.869046,25,19193.927504
143.380628,35,19197.741884
150.710679,37,19201.015501
-100.066512,1,19201.366399
190.671124,68,19205.385313
-100.064814,1,19206.92262
-100.064383,1,19207.147111
187.786426,60,19210.707852
209.69264,44,19215.238552
155.427969,69,19220.082502
173.947331,57,19223.336547
-4.847217,144,19233.218169
165.746163,46,19236.612456
244.649404,34,19238.927399
241.361285,106,19245.225909
-52.871511,20,19248.407122
179.181315,58,19251.708252
197.15188,75,19257.236632
211.854715,58,19262.781429
260.176501,124,19271.888509
119.18094,30,19275.617285
52.536238,300,19294.576091
176.332105,134,19303.905888
128.070666,75,19308.362789
108.314197,9,19309.250087
117.840222,12,19311.11359
142.310169,41,19314.046997
171.104646,96,19320.148698
154.681792,45,19323.507494
174.4344,57,19327.205868
215.328207,89,19332.493964
137.049056,28,19334.322954
157.918673,87,19339.455844
184.883667,63,19343.501508
-93.859452,10,19346.119391
149.966882,45,19349.049942
-100.256136,1,19350.251402
-99.905359,1,19352.315444
140.887869,27,19354.350974
227.842886,147,19364.796135
-100.06623,1,19366.625497
-100.061891,1,19367.948114
232.27339,85,19374.105112
-195.695063,1,19375.107747
150.493975,44,19377.774244
158.322364,53,19381.388203
-79.771933,120,19388.487974
203.573021,71,19392.664269
177.412954,36,19396.762139
207.87841,91,19404.019213
198.225438,75,19410.184773
-90.167566,33,19414.437332
164.473698,53,19417.885465
107.316764,11,19418.618366
206.596676,107,19425.149646
198.240169,63,19429.692709
172.850551,98,19437.231964
240.731247,92,19443.692957
38.796826,1,19444.851633
-100.052266,1,19446.957386
110.503924,10,19448.66652
175.565712,68,19452.551094
265.829021,65,19458.317857
200.93006,76,19462.837807
193.966146,86,19469.710026
-100.220647,3,19471.923022
-100.216315,1,19472.440738
-99.450196,108,19480.127064
151.957373,36,19482.768644
-9.86944,108,19490.99557
127.099109,33,19493.455643
-159.763695,5,19495.782041
143.339789,35,19498.493137
213.762638,80,19503.190271
139.209417,50,19506.219514
241.714007,102,19512.21695
123.61485,31,19514.2516
178.74091,50,19517.262533
190.664241,67,19521.451279
-353.736079,2,19521.81415
206.524787,110,19528.704529
-99.797137,1,19528.823413
194.500282,82,19534.185257
184.689661,61,19538.022235
-51.641026,1,19539.939748
107.257224,6,19540.436944
150.214434,42,19543.126775
208.12224,79,19549.632477
117.486708,24,19551.344033
-100.099558,1,19552.771308
195.951969,84,19557.768046
-100.009574,1,19558.123165
205.229331,89,19563.615833
155.552727,48,19567.163142
145.050861,34,19569.827567
-96.460427,5,19570.686713
243.898462,102,19577.438671
181.283907,59,19582.795669
217.090782,105,19588.961801
231.827637,96,19596.116728
136.950442,26,19599.607124
253.245724,67,19605.442251
293.237815,79,19611.906305
-76.690571,4,19612.368736
177.469131,58,19616.547841
99.893396,1,19618.638589
-100.058734,1,19620.703575
149.201737,52,19624.45033
188.331008,64,19628.684227
123.326437,22,19630.140586
140.183004,38,19632.607564
161.116625,43,19635.514793
235.140719,87,19641.213386
176.760582,58,19645.052845
-100.046128,1,19646.134791
-100.064507,1,19646.250698
159.81371,55,19651.431002
132.022518,31,19653.337088
100.236875,1,19653.455646
-100.096109,1,19654.107765
189.224248,123,19661.395956
231.457966,92,19667.311269
-100.146702,3,19667.680811
192.134053,74,19673.085571
-100.119903,1,19673.277222
122.598609,50,19676.172662
-105.072553,28,19679.809262
-96.86002,35,19682.385467
-94.176881,13,19683.899211
122.230497,18,19685.301084
-6.580477,134,19695.036033
-99.838018,1,19695.615455
147.856066,42,19699.309526
139.308042,26,19701.033785
162.746794,46,19703.993723
-100.025435,1,19704.449658
-105.069724,75,19709.579288
105.908548,6,19710.31593
179.072002,65,19714.059963
186.167455,64,19718.08193
150.676945,56,19722.479403
184.008846,54,19726.280086
110.816406,9,19727.018411
-48.53193,83,19733.800267
-38.033641,125,19740.966825
-100.108727,1,19743.05406
216.10317,140,19752.993094
222.533878,103,19760.806368
226.092864,86,19767.31809
-99.944894,1,19768.169197
-99.960125,1,19770.265624
-99.88389,1,19772.369574
-99.368151,1,19774.43791
-42.343589,19,19777.566956
-100.076755,1,19779.676893
-62.627349,24,19783.118971
174.013505,74,19787.818949
232.245323,159,19797.769224
159.567025,57,19801.547795
242.853832,97,19807.625306
153.03638,47,19811.405286
-100.051666,1,19811.886558
142.555315,30,19813.825993
168.703151,79,19820.356419
268.941835,126,19827.506302
162.275582,52,19831.279838
256.260129,109,19839.433135
-102.691899,94,19845.110282
198.252446,99,19851.326894
246.345556,100,19858.252608
-100.05908,1,19858.654453
-99.98655,1,19858.884455
202.885162,80,19863.914197
225.143624,104,19870.167087
-66.923031,13,19872.914188
264.189962,121,19880.266604
-27.473473,1,19881.510792
-100.414028,1,19882.382737
155.429916,35,19884.619963
113.054384,116,19892.452887
231.308037,106,19898.940407
229.942203,35,19901.407939
179.343391,60,19904.881346
152.323805,83,19909.786231
110.536532,24,19911.320762
108.762511,89,19916.501182
199.460019,67,19920.478874
173.287036,51,19924.584097
171.181251,57,19927.891265
205.647245,94,19934.286239
153.630092,57,19938.170361
-100.036668,1,19938.373049
-43.417532,46,19941.215914
-100.065386,1,19943.329347
-100.085784,1,19945.434234
-100.075487,1,19947.522991
145.459721,41,19951.158466
134.454559,28,19954.385958
210.438916,80,19960.382405
-100.101113,1,19961.931451
184.891923,60,19966.760996
-35.23764,16,19969.737987
-99.89417,1,19970.25571
129.096267,35,19972.876394
223.830692,99,19978.655543
158.242194,56,19982.376609
219.509982,78,19986.938714
215.349477,234,20000.414358
221.506579,84,20006.268259
142.364763,48,20009.151591
166.613886,47,20012.816515
264.567803,31,20016.630728
-112.264383,2,20018.757447
166.779613,55,20022.406811
151.241057,220,20037.155982
135.296008,27,20039.146329
-99.571199,1,20039.775275
224.048024,85,20044.65294
208.524034,103,20052.278516
-100.104144,1,20052.462684
-100.010218,1,20052.596318
147.981423,36,20054.916363
149.237033,34,20057.027728
225.44882,85,20063.024693
-100.062077,1,20063.888411
-100.061048,1,20065.99003
-100.008035,1,20067.203738
168.241903,66,20071.241178
116.321016,96,20078.69139
-100.192343,1,20078.864244
180.651572,64,20082.574857
235.230285,92,20088.060281
-99.794864,3,20089.875633
195.802359,69,20093.926072
134.673008,34,20096.074871
114.486516,22,20097.505373
229.848411,84,20103.632365
-100.166985,1,20103.748211
143.155867,41,20106.540538
139.506814,28,20110.164174
134.679055,52,20115.198796
192.641754,60,20119.112722
119.545052,17,20120.706443
196.03056,65,20125.978531
132.433096,31,20129.601269
-63.979056,68,20133.901628
182.19708,109,20140.324594
-81.817648,25,20142.688925
-100.050182,1,20144.794733
-100.070765,1,20146.897274
176.280165,59,20152.271687
158.477617,50,20155.141434
224.254381,88,20161.761832
137.549899,31,20164.596223
-154.843457,1,20166.686573
186.822786,61,20170.427166
175.76889,54,20173.771036
121.767711,19,20175.508127
139.933077,30,20177.482189
137.080816,34,20179.81392
125.730627,25,20181.340426
143.106526,43,20184.217333
117.615199,17,20185.732348
-0.854809,101,20191.871868
155.544175,53,20194.907862
-93.090447,30,20197.71599
-100.054629,1,20199.81209
198.329015,89,20206.001727
191.003633,64,20209.784162
167.664227,103,20217.582315
111.828731,18,20218.647239
-150.341431,50,20223.525626
194.041864,70,20227.902778
-100.216123,1,20229.332865
-99.923136,1,20229.625286
174.376563,68,20234.172585
239.391102,114,20240.841156
180.396748,65,20244.661938
232.636584,49,20249.448652
-302.344689,2,20251.516795
145.607515,66,20255.364581
137.056552,27,20256.942955
244.747796,117,20265.694035
206.489266,97,20272.489313
257.114316,63,20277.03328
-99.798265,1,20277.674852
181.298176,65,20281.784749
-42.333703,41,20286.127861
217.059579,79,20290.719451
-85.902328,41,20293.921964
-100.104062,1,20296.032771
137.946631,85,20303.063379
139.27662,41,20306.23018
175.892842,68,20310.404752
-67.44393,127,20318.004262
167.132676,53,20321.261718
209.902084,82,20326.724251
225.455795,114,20333.8671
-151.21889,3,20336.112598
149.638166,49,20339.356044
155.321279,88,20346.350362
245.871678,130,20353.846683
121.708302,29,20356.502781
132.552962,26,20360.049129
-100.282367,5,20361.815675
-99.747324,1,20363.924574
-34.076233,91,20370.013708
-100.058823,1,20372.125031
-99.792179,1,20374.238377
-100.063146,1,20375.926069
214.82308,97,20383.002462
-11.034388,103,20389.019249
177.139063,63,20393.004456
151.54273,119,20400.158148
146.712003,30,20402.338651
237.012473,103,20408.447875
141.551346,34,20410.507244
207.597607,88,20415.805399
138.739395,29,20417.636646
-196.454271,1,20417.734508
156.240749,38,20420.029253
-64.154053,103,20426.724216
-100.54268,1,20426.927776
-100.26135,1,20428.986577
220.122325,74,20435.215326
-99.968387,1,20435.791018
-99.60306,1,20436.803349
-40.031283,188,20448.33449
-100.078376,1,20448.450836
-100.057435,1,20448.68133
146.435314,33,20450.632225
-6.476424,89,20455.784567
165.336487,49,20459.283104
228.279755,113,20467.141385
231.82873,93,20472.542858
-100.114936,1,20473.177335
221.181528,66,20477.732276
206.921828,93,20483.292626
-99.654087,1,20483.466255
123.622548,27,20485.53293
165.0685,58,20489.218525
225.889662,87,20494.188312
208.476349,83,20499.269196
157.193041,40,20502.150985
133.60046,93,20509.290355
256.503592,109,20516.293963
229.867538,95,20521.746796
278.017756,97,20529.390758
198.158903,72,20534.689888
196.220583,85,20539.822744
100.715623,53,20543.864678
167.011485,59,20547.283083
140.621463,28,20549.414788
259.195807,110,20556.027113
148.70472,37,20558.306512
137.36381,41,20561.218883
-99.800094,1,20561.570973
162.315367,53,20564.687263
239.371924,92,20570.47628
139.169627,65,20574.502515
118.980885,171,20585.405984
-16.300049,300,20603.234859
167.1641,54,20606.759192
161.7479,47,20609.566869
-96.155047,12,20611.705994
-100.051557,1,20613.776269
-99.726974,1,20615.861125
220.268883,11,20618.560461
-38.762683,118,20625.629342
171.605466,50,20628.958219
193.863325,73,20633.265478
220.831411,107,20640.154606
131.302576,42,20642.922881
158.464684,37,20645.36377
229.222528,91,20650.758971
195.490666,77,20655.693231
197.496543,66,20659.584143
196.54113,78,20664.180639
155.663607,50,20667.896939
180.050712,56,20673.209357
167.940321,52,20678.19332
134.028569,23,20679.599535
171.559055,49,20682.511361
157.393095,139,20690.800124
102.512815,238,20706.472019
148.882583,48,20711.30494
194.261261,86,20716.760236
-103.097529,106,20723.004836
-114.994453,1,20723.131988
225.989371,90,20728.439945
-3.857861,133,20736.323668
185.777688,101,20743.977172
196.077894,64,20748.181108
175.300602,70,20752.512736
192.196056,65,20756.475389
126.079151,17,20757.563419
-99.379869,1,20758.133225
-57.189451,108,20764.755507
180.506922,82,20769.752278
-220.898606,1,20769.843731
251.711643,107,20776.182423
-80.468078,68,20780.32617
-100.09288,1,20782.430629
151.919126,106,20789.88669
184.169967,65,20795.163395
158.546832,75,20799.623579
-19.916313,155,20808.67781
217.345511,113,20815.583869
214.742052,100,20821.680327
130.157064,76,20826.136973
-100.234848,1,20826.315073
-100.062394,1,20828.400748
149.315037,87,20835.387782
210.307889,87,20841.987563
-182.744679,2,20842.419344
1193.099604,29,20844.454391
238.347137,102,20850.417212
238.971977,26,20852.352153
107.633012,88,20858.071425
239.135393,114,20865.875829
221.261802,85,20871.175698
-124.127076,2,20873.339253
124.699981,24,20875.27676
209.664608,69,20879.967187
312.622145,45,20884.51907
185.323806,111,20891.340785
183.982903,219,20904.511985
-55.984979,9,20907.072236
154.175229,63,20910.994535
218.300994,133,20920.819059
210.208396,72,20925.54889
124.059635,20,20928.745356
162.32147,42,20932.799599
212.51341,88,20938.058826
222.977903,94,20944.762275
125.357499,31,20946.972895
-100.071079,1,20947.765818
156.861706,43,20950.525658
-90.530974,28,20952.612539
-100.104723,1,20954.714434
148.094726,44,20958.274272
188.572653,78,20963.174284
213.964321,82,20968.079318
154.295809,51,20971.055915
130.720461,29,20973.082783
-99.670431,1,20973.649803
159.007368,54,20977.380414
117.979409,74,20983.766902
156.277918,36,20985.890908
-100.107915,1,20986.059986
-100.116524,1,20987.720152
-46.072738,1,20987.833645
166.042178,55,20991.205881
136.780973,30,20993.058461
114.590892,14,20994.074785
-100.097628,1,20995.662796
115.031028,173,21006.947944
198.661165,70,21011.969808
240.094246,102,21018.633922
115.115093,16,21021.155661
144.963834,36,21023.775079
279.136104,26,21026.410345
224.461268,94,21032.518826
115.176392,14,21033.409477
187.315085,82,21038.588035
180.653423,89,21043.645084
174.320447,102,21051.665614
194.08337,67,21056.767681
131.674353,202,21069.71345
221.201567,76,21074.257131
216.603092,77,21078.864835
179.802447,70,21083.152394
137.956688,109,21090.073676
-103.725314,26,21093.583691
-100.105234,1,21095.659907
219.977735,91,21102.872939
153.361533,47,21105.780357
209.60013,88,21110.90131
-99.890266,1,21111.017699
191.12083,63,21114.774713
204.439279,86,21119.851149
207.97976,96,21125.711035
-100.09791,1,21126.062648
198.929037,92,21131.820297
253.197484,65,21137.540802
224.130933,78,21142.399191
141.024235,30,21145.742035
-161.951415,6,21146.303665
-99.724105,1,21146.528552
-100.052586,1,21146.765663
154.368215,38,21149.045498
-100.094053,1,21149.514077
165.420454,49,21152.432994
168.451153,51,21155.597868
133.726611,42,21158.146287
-95.765017,21,21160.357863
-44.352579,84,21166.821579
221.537614,82,21172.002058
186.086265,59,21175.577065
-98.35491,25,21177.393559
221.243448,102,21183.395035
208.150193,93,21189.262989
265.403341,31,21191.365469
197.605476,70,21195.824602
178.656742,72,21201.289913
172.828375,52,21204.854486
-19.613733,300,21222.802839
-100.112434,1,21223.439955
113.381326,39,21225.735253
234.770029,108,21232.043133
-100.059303,1,21233.549256
216.681503,85,21239.027719
145.388058,34,21241.087993
211.10678,82,21246.510561
-73.300383,27,21250.093376
197.750428,77,21254.684546
144.509149,122,21261.740504
205.71557,98,21268.232137
172.1077,52,21271.623967
134.964576,27,21273.297358
248.022141,101,21281.185675
160.009389,38,21283.434785
156.964382,68,21287.467524
156.049789,44,21290.230254
199.854085,70,21294.549681
223.19743,105,21300.983564
22.364069,300,21319.552245
247.903708,111,21325.953584
144.350796,45,21329.161162
199.260445,72,21333.989129
111.386001,19,21337.095705
-100.285748,1,21338.179996
135.423542,70,21343.483391
-84.586983,5,21345.289927
-100.095433,1,21347.393701
-99.797345,1,21349.494555
-100.131075,2,21351.650221
241.448229,141,21361.674356
-53.964511,148,21372.129046
188.219267,60,21375.958944
162.562573,54,21379.108075
210.853746,75,21383.376374
147.62168,52,21387.075397
182.44951,63,21392.180312
207.648171,74,21398.544362
-317.200354,3,21398.808234
133.760262,43,21401.503588
198.063418,83,21406.64066
-98.947906,11,21409.166086
132.235498,46,21411.917672
167.432151,55,21415.328453
233.124878,67,21419.549286
213.096765,79,21424.349951
139.266823,55,21429.53913
153.865661,49,21433.220572
-38.592906,116,21439.951817
209.709136,73,21444.866119
-96.218222,95,21451.320811
-100.102593,1,21451.505397
-99.979796,1,21451.629356
-100.442345,7,21452.117156
145.925156,33,21454.161562
-55.999474,95,21460.97946
250.509697,98,21468.032711
-88.836698,13,21470.827731
117.608077,31,21474.333892
167.43021,58,21478.466206
-99.936353,1,21478.704712
178.256337,54,21481.934297
246.266628,96,21489.353797
-100.072665,1,21489.649312
121.357741,21,21492.160426
191.210556,71,21496.450275
41.036676,68,21500.43062
173.830842,57,21503.994521
240.668804,91,21510.088916
161.679225,40,21513.249725
173.224471,49,21516.461435
169.041805,43,21518.992161
107.603962,14,21520.716262
-219.873203,1,21521.210088
223.452601,129,21529.150267
-52.752448,107,21537.16293
150.821351,43,21540.030974
206.487932,102,21546.591764
99.902668,1,21547.167511
156.192354,72,21551.572379
154.27733,50,21555.361001
217.103447,95,21561.474736
188.230246,67,21567.191738
239.952521,130,21576.418505
154.353404,44,21579.682606
224.872256,91,21585.925952
-71.585395,181,21597.678682
133.162485,57,21601.067484
188.80653,60,21604.855246
143.998062,54,21608.615844
170.276879,50,21612.574908
112.429532,9,21614.228278
180.581854,78,21619.155345
-74.852054,54,21623.36908
178.719983,81,21628.197247
-99.690631,1,21629.62697
-100.020106,1,21631.727763
144.632204,37,21635.199106
-97.010027,3,21636.265826
191.526464,78,21641.22459
107.422282,53,21644.326821
222.057762,120,21651.159175
163.533528,72,21656.267759
176.388488,52,21659.57422
-40.307165,151,21668.44785
197.735212,73,21673.003449
-100.084843,1,21674.433629
107.572021,15,21675.681341
270.956021,114,21683.483811
192.17163,71,21688.221972
165.677773,51,21692.015285
-132.204239,3,21694.134512
171.342396,81,21699.053281
126.381842,22,21701.426767
126.194992,27,21704.080908
198.794123,64,21708.283124
134.247536,36,21710.793317
172.364206,56,21716.058959
214.506676,82,21721.448964
225.270824,87,21728.006911
202.74363,75,21732.353729
228.021764,94,21739.673236
224.000455,91,21746.239826
225.777598,87,21751.929699
226.3039,93,21758.532334
-99.728586,1,21758.772457
-100.049862,1,21758.892144
222.038061,80,21763.754214
234.522028,61,21767.577945
-99.547724,1,21768.326175
219.280733,142,21776.646921
-100.609824,9,21777.490395
185.685621,65,21781.487995
155.481016,45,21784.097894
138.518428,36,21786.651341
242.352066,29,21788.550342
-100.063147,1,21788.780853
130.149328,21,21790.028999
-99.905194,1,21790.378607
-100.132137,1,21791.249589
216.355829,95,21798.130352
233.915571,94,21803.540804
102.701881,86,21810.512303
180.833058,53,21813.625038
115.997926,11,21814.30783
228.009969,110,21821.187409
-66.093758,25,21824.638744
107.900694,11,21826.648598
247.762865,102,21832.661099
224.569833,96,21838.110269
-308.684758,2,21839.496636
139.717698,26,21841.000675
205.611204,94,21848.187285
159.310624,128,21857.431297
168.547383,68,21863.182366
216.167493,99,21869.180094
199.951365,70,21873.485701
287.537863,68,21878.879091
175.607148,68,21882.994771
126.520845,58,21886.728588
-100.23278,1,21886.845625
203.425138,68,21890.83231
107.186665,13,21892.691758
173.716721,129,21902.140217
-99.38801,1,21902.391613
203.921834,90,21908.019222
161.984299,67,21912.803075
239.905692,105,21919.077415
290.479653,106,21927.170871
199.285268,63,21931.504215
128.079943,29,21933.494143
195.14036,69,21937.4128
179.900264,55,21942.324907
140.178898,27,21944.419215
-75.213189,18,21947.521266
153.445644,51,21950.572426
164.271495,86,21955.808306
194.234045,66,21959.729688
169.422991,76,21964.386551
134.909801,42,21967.381348
163.664491,51,21971.632517
131.741929,27,21974.604821
199.002299,64,21978.963764
175.748907,76,21983.285308
10.29954,300,22001.032398
-90.695157,26,22004.436725
-100.052828,1,22006.297778
200.654257,72,22011.636293
-100.109324,1,22012.373266
-100.0741,1,22013.83523
-90.400658,85,22018.797566
-100.28111,1,22019.049133
134.498811,29,22020.946445
103.447935,9,22022.361401
213.320223,119,22031.113905
150.991227,53,22034.73344
137.140779,28,22036.410601
174.91361,82,22041.504364
210.01482,76,22047.272562
233.419989,131,22056.254704
190.348582,68,22060.368519
173.480086,192,22071.876983
174.554678,48,22074.721389
169.508174,46,22078.36656
-100.050326,1,22078.556227
166.135771,88,22083.832415
168.699666,51,22087.422055
170.190904,79,22093.921134
-100.444936,8,22095.509422
163.752558,68,22099.523412
-99.83768,1,22099.649688
226.055526,91,22104.850061
166.517893,77,22110.556002
-80.18135,64,22115.875982
196.66569,68,22120.321697
178.279256,59,22123.996832
223.377757,83,22129.275092
154.745402,94,22136.68725
-131.923854,18,22139.758389
138.522484,25,22141.286796
252.618686,37,22145.418074
284.112753,131,22154.821822
151.843757,65,22160.44959
165.058347,114,22166.940484
143.422998,126,22176.292861
141.604995,32,22178.213104
180.732539,56,22182.508018
130.18229,30,22184.420825
141.150516,31,22187.957461
172.711841,82,22194.03196
-155.027191,27,22197.000867
-244.252121,2,22198.626947
-35.479477,70,22203.186303
138.104342,24,22205.015757
185.869167,63,22210.601158
220.380453,85,22216.211982
34.498599,71,22222.341634
126.964645,33,22224.505936
-78.626306,80,22229.711086
138.773876,35,22232.038447
156.199647,48,22234.902173
172.952224,54,22239.70805
200.809053,73,22244.005547
161.034237,59,22247.690907
161.359422,41,22250.477728
167.410862,75,22254.880502
-53.074622,66,22258.829682
160.853078,39,22261.199259
10.687813,37,22263.895509
-99.973264,1,22265.997102
99.898434,1,22268.087308
169.637828,154,22279.126044
136.255618,24,22281.255706
159.653982,42,22283.692632
159.155692,52,22288.074528
110.913433,8,22288.8116
214.387344,86,22293.697186
146.869505,269,22310.546813
203.127402,84,22315.344703
216.32768,80,22321.941865
-100.169379,1,22322.171109
185.914793,60,22325.807603
160.597304,41,22328.608228
225.280497,82,22333.341668
144.951189,28,22335.057376
252.176007,107,22342.16028
230.594807,83,22347.880858
243.461423,104,22354.520191
-100.073045,1,22354.860488
-100.069407,1,22356.922075
-100.050582,1,22358.988794
141.166186,34,22361.616241
189.917196,56,22366.805202
142.131265,31,22369.248989
237.975794,92,22374.795921
263.216033,157,22385.719223
209.741754,75,22390.142472
140.114086,33,22392.124437
118.527423,15,22393.17223
-78.539563,100,22399.025974
205.626437,79,22403.736425
255.631396,101,22409.765287
182.015516,62,22413.410602
216.626351,79,22418.205665
141.634654,33,22420.974599
162.274392,50,22424.589391
-23.121112,74,22430.359914
-308.179351,2,22430.89251
188.672766,76,22435.918287
-99.945742,1,22436.880973
203.089554,81,22442.959543
-100.443844,1,22443.075411
150.85022,114,22450.111144
229.954556,89,22455.739288
-100.067135,1,22457.215472
193.83207,60,22461.157848
116.047524,11,22462.17685
220.563087,115,22468.830162
133.091055,43,22473.332506
-73.744947,79,22479.841817
-100.075621,1,22481.94895
-28.459311,86,22488.857961
176.71529,53,22492.092888
-100.005226,1,22492.457798
166.280068,48,22495.411528
139.359756,27,22497.490341
151.990499,38,22500.01762
195.445751,67,22504.443726
170.502884,50,22507.51309
127.890164,23,22509.143625
166.690928,49,22512.605019
-75.360208,90,22517.752117
205.576552,68,22522.679164
191.90961,62,22528.221478
-81.463015,1,22530.288599
128.977485,34,22532.413321
-100.051575,1,22532.597068
270.829446,131,22540.381307
-30.407848,85,22545.641915
-108.935631,116,22553.022155
201.624956,102,22560.556528
152.893197,45,22563.310462
155.740284,51,22566.300552
146.054,37,22568.712848
158.4327,43,22571.186673
195.036212,136,22580.904635
105.04844,13,22582.709589
187.454464,66,22587.091361
205.70283,75,22593.176096
125.716039,27,22595.407929
157.35085,53,22598.599911
164.795252,46,22602.296353
137.435612,35,22606.205546
-206.217033,1,22608.148934
215.861345,91,22613.463238
137.772557,34,22615.468476
174.071999,48,22618.681986
114.643823,16,22620.897452
-99.597803,1,22621.011217
190.624668,129,22628.498155
174.290709,117,22637.279889
-94.357935,6,22637.691526
-79.376764,139,22645.863408
-100.103314,1,22647.939736
208.609209,72,22652.513404
175.331143,125,22659.924844
173.262699,56,22663.178232
-100.062254,1,22664.19531
112.722268,21,22666.965735
175.566212,57,22670.271479
-79.326719,126,22677.562917
199.379112,130,22685.91452
203.548562,80,22691.362083
128.01334,33,22693.277235
225.035329,98,22700.386376
209.285289,46,22705.035696
-22.64354,192,22717.503468
-17.443254,300,22735.168661
-100.111554,1,22735.512722
-115.402858,249,22749.678261
-197.586369,1,22750.111448
266.737742,174,22760.013487
188.649113,72,22764.25717
-50.475462,123,22771.478303
135.179578,53,22774.701149
184.530905,108,22782.978963
131.489831,25,22785.214807
223.126347,99,22791.014883
311.321792,34,22793.234398
129.76902,34,22795.623074
244.457988,109,22802.99242
173.539151,118,22809.910522
217.979433,93,22815.290789
302.099392,81,22820.130107
148.12047,32,22822.567355
157.192608,49,22825.412648
-80.277931,37,22829.562706
65.18472,300,22847.60891
152.219682,40,22850.941363
204.725763,70,22856.521891
132.426085,114,22863.230718
164.91815,49,22866.458254
173.364595,78,22872.088238
123.033584,24,22875.427784
-100.028884,1,22877.024973
184.715814,67,22881.386791
145.826227,41,22883.885417
189.764647,69,22889.864292
-100.131902,1,22891.957347
-100.03647,1,22894.082186
-100.103315,1,22896.155356
-100.064946,1,22898.243613
159.495879,60,22902.750547
-99.437458,1,22903.389662
207.202654,77,22908.089966
144.661668,38,22910.349669
170.859451,130,22918.032548
180.275462,75,22923.014247
170.948176,52,22928.011963
-100.090326,1,22928.645331
231.080763,101,22935.056499
207.195029,73,22939.467875
-99.410169,1,22939.884459
161.390005,52,22943.459346
-79.115273,1,22944.202467
237.862491,94,22949.874927
231.167711,83,22954.774579
277.029668,83,22961.567689
-65.457072,1,22961.852986
133.669713,37,22964.081419
-100.110966,1,22965.124922
149.042846,38,22968.096788
-100.098308,1,22968.841718
-110.362385,143,22977.095509
-100.1062,1,22979.166316
165.470877,44,22981.893961
124.846003,31,22983.718987
159.940624,39,22986.511732
-26.134354,1,22987.440542
196.895139,178,22997.75056
252.44879,115,23005.255733
131.254359,37,23007.628663
147.098857,57,23011.221135
65.658155,300,23030.698639
146.541128,42,23033.376264
109.529175,22,23034.945409
135.351666,29,23037.394937
178.266526,88,23042.691468
147.584834,39,23045.144303
-100.22769,1,23045.263928
211.060092,79,23050.04743
-63.984065,58,23053.679915
240.580277,106,23059.887393
128.185431,23,23061.346156
121.956572,23,23064.709648
131.874995,40,23069.033482
-99.008378,7,23071.430223
-132.466172,1,23072.865467
179.448591,67,23078.27105
167.121265,53,23081.435713
-40.07627,197,23093.129864
265.005996,117,23100.197363
128.225728,19,23102.567975
127.542163,20,23104.259825
184.705694,43,23108.723204
121.383836,26,23110.357316
132.887561,27,23112.84362
-100.061039,1,23114.832606
182.510066,190,23127.169297
-68.791795,52,23130.530537
131.503129,34,23133.710961
244.418469,91,23139.544894
191.364763,91,23145.392895
111.478824,93,23150.788319
230.591812,100,23156.620567
-100.056557,1,23156.844037
157.080813,41,23160.060143
176.883533,59,23164.476604
125.67449,23,23165.939929
248.53031,110,23172.603219
184.675738,71,23177.106992
109.725037,40,23179.571935
237.677739,47,23184.284098
153.305052,46,23188.92977
235.060135,91,23195.884678
185.431402,86,23201.05987
-98.005092,5,23201.80917
122.901926,38,23204.278568
-100.052305,1,23205.265596
162.802229,59,23208.938289
144.958064,40,23212.579198
173.326807,51,23216.272828
197.796514,64,23220.129359
137.655771,280,23236.266889
105.156342,7,23238.721074
189.279613,109,23247.000812
133.757036,27,23248.62481
221.234106,82,23253.445505
159.018791,46,23256.218439
184.17611,59,23260.77342
164.977631,47,23264.725516
166.774145,48,23268.488727
143.822377,38,23270.918056
-100.113382,1,23272.339592
235.649234,101,23278.307633
164.248353,64,23282.058677
195.429661,26,23285.568175
-99.425775,1,23285.743839
143.579271,29,23288.447517
221.809203,78,23294.258475
196.721498,136,23303.94061
229.604448,90,23309.126354
207.034673,84,23314.815219
191.726863,71,23318.953816
134.556648,27,23321.779739
174.357313,51,23325.498297
102.801667,7,23327.756133
-100.088973,1,23328.549495
146.731875,45,23332.22799
-99.84024,1,23334.044293
213.804493,73,23338.813205
151.124299,54,23343.364975
-75.108687,55,23347.037346
147.66264,56,23350.393789
138.668703,25,23353.771241
205.135783,79,23359.522328
273.439015,80,23366.075766
173.475364,55,23370.692299
180.347853,68,23374.927818
167.579917,135,23383.490023
183.183797,65,23388.393897
183.772026,55,23391.763735
237.086214,88,23397.664088
-50.181562,91,23402.81342
121.133482,20,23404.965265
179.615085,53,23408.244593
196.758255,80,23413.13002
243.994071,157,23422.144465
-73.269067,22,23425.426964
-100.043908,1,23427.498349
-100.107913,1,23429.566235
-89.475798,7,23431.974324
101.013265,44,23434.723992
169.990778,54,23439.147684
-186.372883,9,23441.692446
-100.064562,1,23443.791602
-100.024609,1,23445.861627
243.270781,97,23451.401625
208.534725,81,23458.216276
-99.672958,1,23458.440059
-100.277344,1,23459.920555
191.669241,77,23464.825671
173.19915,65,23470.504408
145.422415,86,23477.395276
142.902105,30,23480.329253
-35.686292,100,23487.317276
-99.967556,1,23487.667414
178.964111,56,23491.238086
206.116157,98,23496.8136
-22.892997,95,23502.386549
-100.003587,1,23502.532409
54.097896,300,23520.210722
207.895816,127,23529.362879
-82.488132,22,23530.75813
-100.369102,5,23533.073137
161.11627,83,23539.778992
197.661319,67,23545.632812
164.590191,78,23552.038401
281.907687,45,23556.685561
178.610176,134,23564.819985
176.921926,58,23568.184489
214.627224,98,23574.103324
163.376309,47,23577.289851
189.509573,137,23587.03828
124.693091,17,23589.864503
227.775896,83,23594.7651
-128.074896,20,23597.949751
-99.9845,1,23600.055281
179.709011,122,23609.107111
202.931301,71,23613.605481
206.334234,49,23617.080962
165.236406,62,23621.288476
-99.861814,1,23621.405826
176.494951,59,23624.999614
214.271037,92,23632.238043
160.89098,44,23634.996164
138.955862,57,23639.970031
-100.091211,1,23642.03569
136.000658,58,23646.30155
191.87129,67,23651.654933
144.01013,56,23656.350825
138.512837,44,23659.602676
-70.622377,52,23662.75031
227.27124,102,23670.156309
235.732086,95,23675.487232
195.925307,66,23681.20937
175.576355,93,23688.523376
149.346797,32,23690.383901
175.268712,54,23693.647542
144.473989,35,23695.727999
-149.595855,2,23696.437775
-103.549059,1,23698.50833
167.77408,48,23702.548101
-80.142496,70,23706.63104
210.775817,89,23712.021203
182.56198,64,23716.210856
150.422231,42,23718.972198
120.256418,113,23727.475965
183.345817,82,23732.295394
249.036686,54,23736.095928
210.933315,95,23741.801925
172.36392,74,23747.066294
214.478945,95,23754.646357
169.517392,52,23757.804952
-93.371847,14,23758.714918
137.764018,27,23760.321242
177.107561,56,23765.592447
131.856751,24,23767.566807
191.971399,69,23771.827979
231.823574,110,23779.212625
-81.659936,59,23784.342614
-99.954735,1,23784.874788
-77.592416,65,23789.145306
-100.069805,1,23791.238397
-100.091239,1,23793.319002
188.581583,67,23799.146247
227.149364,103,23807.025088
-99.97852,1,23809.121827
230.632246,77,23815.697282
159.450672,37,23817.937864
131.758744,26,23819.512226
155.689536,38,23821.944978
-100.913865,235,23836.085498
144.786346,50,23839.629117
132.172476,21,23840.966206
189.748139,61,23844.85124
11.627718,107,23851.225709
125.048202,66,23855.227301
112.670586,25,23856.973566
-89.355307,46,23861.704923
132.614072,30,23863.49499
238.878849,112,23870.24163
256.103839,103,23876.816877
190.308098,68,23882.541716
-100.173262,1,23883.069571
264.488696,123,23890.333123
226.182822,88,23896.137986
199.228728,69,23900.473387
245.920961,96,23908.004395
-104.693338,97,23913.590475
-125.494438,1,23914.743043
208.547941,104,23921.409428
-366.564003,2,23922.067797
179.699337,50,23925.169452
223.506346,125,23932.55724
246.813793,92,23939.171672
-100.074353,1,23940.829945
189.868717,63,23944.684534
173.83866,47,23948.197412
167.400652,64,23952.308392
253.469852,85,23959.180337
167.374945,50,23962.695966
149.834084,34,23965.527797
-100.689378,1,23965.843674
169.768817,43,23969.186673
232.858307,89,23974.790031
217.910798,85,23979.768949
136.413466,29,23981.921423
-84.853084,29,23984.468728
-100.097073,1,23986.296211
155.184184,50,23989.459926
138.738273,28,23992.760949
184.771078,54,23997.889399
-100.059003,1,23999.223832
242.6952,121,24007.702741
204.414892,70,24012.396618
272.764545,125,24020.110688
-118.529025,3,24020.458918
-107.713274,1,24022.534896
-105.534571,1,24024.588957
157.807292,104,24032.491593
-100.062815,1,24032.888436
178.579324,53,24036.036113
-93.812458,34,24038.740642
-100.061794,1,24040.853611
191.952241,64,24045.304867
135.144287,37,24048.064366
171.439512,45,24050.645834
233.182532,89,24056.161928
230.867828,89,24061.855547
141.184199,69,24065.843314
-100.074779,1,24067.431912
-100.096054,1,24069.525593
-100.521864,1,24071.59366
-99.96634,1,24073.700457
188.801877,63,24079.334291
124.300266,17,24082.166243
-100.087751,1,24082.573786
174.724647,74,24087.114752
213.571251,76,24091.771226
189.043674,82,24096.485622
130.471401,19,24097.704548
172.204722,50,24100.650851
243.261134,117,24107.469254
151.292273,57,24112.631512
193.776983,67,24116.605172
307.008832,100,24124.325688
155.860846,40,24126.777311
225.200731,97,24132.444556
272.927491,56,24137.712692
133.528862,22,24139.07779
100.710913,29,24141.390996
-100.058442,1,24141.792329
257.767248,103,24147.689594
-13.736215,300,24165.356401
-100.119952,1,24165.498306
214.549337,87,24170.670022
145.890798,36,24174.541411
252.537759,28,24176.367487
210.083907,85,24181.650089
172.879645,59,24186.06278
-100.061855,1,24186.186026
51.242434,300,24203.893791
172.759819,222,24217.233933
-12.440705,300,24236.057368
170.027674,38,24240.250423
183.758878,65,24244.20259
151.484309,38,24246.844432
104.865075,34,24250.789593
228.307905,86,24255.806085
230.421726,90,24261.116031
138.47985,121,24270.061957
163.649584,56,24274.220877
204.773628,139,24283.960477
137.259715,28,24286.101304
284.061245,85,24292.926208
158.04467,49,24295.905941
142.85497,42,24300.142961
-99.598222,1,24300.912529
117.90322,18,24301.984902
251.675249,105,24308.503986
188.062717,61,24312.842288
116.265008,13,24313.860703
153.797247,66,24317.631002
250.505703,38,24321.815565
230.343076,88,24327.217454
-100.057281,1,24328.350982
222.049328,80,24333.009331
-99.818841,1,24334.993407
-308.402273,2,24335.811338
-100.114757,1,24336.896199
-99.974774,1,24337.010705
-100.052005,1,24338.190544
-100.097234,1,24340.301399
-101.851228,1,24341.336475
-100.253297,3,24342.014923
165.865692,56,24346.193487
237.569208,100,24352.244876
274.449912,153,24363.493267
198.187053,81,24370.063334
154.195055,36,24373.996499
180.99396,61,24377.979353
149.925257,44,24380.65565
-100.107723,1,24381.629
-100.03565,1,24381.875338
141.570746,32,24385.556543
188.058263,65,24389.766093
199.396682,74,24395.114136
-99.901485,1,24396.424152
248.468649,111,24403.588816
171.257138,57,24406.922181
139.120634,30,24409.645405
133.809555,35,24411.757226
120.531118,22,24414.694731
196.15095,70,24419.104816
161.245246,49,24423.484073
-100.237069,1,24423.606484
221.507883,82,24428.44797
-62.499032,172,24439.626375
-100.450221,1,24439.930631
155.443115,57,24443.368847
110.269432,10,24444.791129
181.777356,69,24450.295095
193.75263,69,24454.368251
175.586935,49,24457.546384
-68.868479,58,24461.265045
202.533918,73,24466.365435
105.217173,4,24467.372532
216.7002,84,24472.394741
173.327538,114,24478.871365
195.925172,79,24483.65245
127.671305,23,24486.263446
143.469716,42,24489.043793
140.727972,31,24492.865373
209.303286,117,24501.528432
136.502337,27,24504.690798
195.694014,72,24509.962603
182.427131,77,24515.275998
141.978633,31,24517.121042
155.983255,41,24519.891831
173.560369,57,24523.516222
234.722159,98,24530.213681
210.88699,31,24533.838652
200.899239,80,24539.920675
106.002548,11,24540.794969
-100.116004,1,24540.971952
155.739071,44,24543.54822
-106.142504,28,24547.344506
-100.087228,1,24547.792674
188.375374,58,24551.184385
119.887034,19,24553.054934
51.133815,300,24570.075847
-91.428799,13,24570.986721
215.321195,92,24576.479439
169.35717,70,24580.552269
-216.976669,1,24581.002197
128.444129,22,24582.340937
177.231989,50,24585.973272
157.5365,63,24589.780689
-65.329163,48,24592.560036
148.781932,50,24597.010467
161.069762,42,24600.647658
154.08699,40,24604.628619
172.685975,53,24607.659657
172.55985,91,24614.03661
-101.967388,109,24621.639425
-100.066783,1,24622.350292
-100.185872,1,24623.027949
143.05864,32,24625.738287
227.320189,90,24631.062255
188.418119,95,24637.33733
207.155828,85,24642.69821
-80.880113,51,24645.918587
262.244893,44,24648.818609
116.541104,28,24650.688934
139.991215,39,24653.196739
167.133945,50,24658.049662
118.44717,41,24660.660348
175.986646,62,24664.498205
120.339602,22,24666.023821
-56.697204,73,24670.535964
-100.053811,1,24670.830291
197.890259,65,24674.695483
-55.955215,106,24681.314776
250.225671,109,24687.820022
187.891064,71,24691.942966
151.343015,64,24695.989028
182.072812,78,24700.687781
164.165289,45,24703.538825
138.266444,31,24706.405149
218.922416,95,24711.923902
-103.10397,174,24722.337322
-100.03909,1,24722.582458
226.167414,105,24728.911871
-35.427067,1,24729.03228
124.321435,20,24730.31119
-100.110999,1,24731.00233
197.217895,65,24734.787933
154.149456,52,24737.883334
156.736645,43,24741.610504
127.90489,47,24746.30676
160.590579,22,24749.592174
192.076101,111,24757.029842
94.687487,171,24767.706172
1.528834,198,24780.948968
163.171342,40,24783.341798
218.718157,85,24788.477333
192.737899,74,24792.917174
163.818861,60,24796.575367
181.134398,64,24800.546944
166.994207,61,24804.800532
195.179627,64,24810.47277
-83.439412,60,24815.3477
200.785241,97,24821.444391
148.353529,46,24824.767989
204.957915,69,24829.782546
179.49114,73,24833.925062
152.497517,47,24836.771225
246.297176,39,24841.105984
162.227034,74,24845.619387
149.126577,42,24848.583651
171.185062,115,24857.101214
207.500614,84,24862.018743
209.062962,79,24867.42807
193.165076,73,24871.903648
-100.136583,1,24872.947628
116.371561,19,24874.39278
148.39834,18,24876.712172
133.04845,23,24878.278275
160.945941,39,24880.730165
139.066916,27,24883.118943
203.256768,58,24886.744888
-71.98464,35,24889.05643
-100.097209,1,24891.160068
-108.492739,210,24905.11443
194.334809,69,24909.898427
130.207148,20,24912.285679
114.693758,23,24914.381624
140.343307,21,24917.594552
-99.471158,1,24919.150599
203.196448,78,24923.760408
-100.054398,1,24923.882977
191.687366,65,24927.765906
-97.944257,1,24929.298707
124.092792,23,24930.945679
182.663116,79,24935.665812
-51.922929,57,24939.169729
-100.559995,1,24941.220189
195.177675,66,24945.213661
216.08572,98,24952.74438
236.556288,40,24957.056676
163.277445,102,24964.907323
195.801188,70,24969.061844
226.595082,110,24976.477491
-138.031908,62,24981.96233
157.34911,41,24984.659426
252.311333,99,24991.335057
261.004267,180,25003.558303
21.776447,300,25021.204651
196.429565,65,25025.633678
170.462267,36,25027.730649
199.815729,71,25031.80698
232.2777,98,25037.458764
186.287812,58,25040.856853
219.640762,78,25046.4142
206.688961,76,25050.942473
218.187643,82,25056.269473
203.884915,92,25061.631878
194.216499,103,25067.915923
133.118574,23,25070.398407
112.565009,21,25071.910665
-83.081173,16,25073.195958
191.075162,87,25079.638787
242.139793,128,25087.147198
210.187393,88,25092.860921
-156.243063,7,25095.2696
201.664445,74,25100.807105
-100.334103,1,25100.954568
-99.936066,1,25101.405462
212.057049,80,25107.187364
180.657811,62,25113.073979
176.814622,54,25116.550542
245.706675,126,25124.602942
-32.955873,81,25129.617583
247.116297,100,25135.933426
148.70258,31,25137.790947
21.699879,300,25155.390577
188.009897,65,25159.337571
190.584522,63,25163.868851
191.678947,92,25169.49694
184.594059,56,25172.901134
-225.314297,1,25173.110925
144.990057,34,25175.160762
194.058166,101,25181.121888
-99.76728,1,25181.311032
131.164676,28,25183.21823
156.69873,36,25185.371174
162.94612,46,25188.636852
196.304163,68,25192.821696
157.027977,47,25195.616055
196.612386,79,25200.388561
159.154089,76,25205.506591
185.485027,57,25209.270077
-100.025077,1,25209.54745
-99.736123,1,25211.616058
-100.092927,1,25213.709537
192.537052,117,25222.352773
129.572359,19,25223.929662
199.057976,92,25229.273295
-100.044872,1,25229.980052
192.353564,107,25236.836287
197.165389,75,25242.229069
137.870222,31,25244.223835
218.488577,106,25250.580089
165.576062,63,25256.162979
204.791735,76,25260.771405
217.83537,81,25265.494831
-260.163939,1,25266.103237
-100.129062,1,25266.647333
152.104893,38,25269.614288
177.609805,57,25273.125264
-146.300929,7,25275.580311
232.128442,94,25281.025687
216.347752,81,25286.635471
-100.0593,1,25286.919562
-100.051392,1,25287.49134
146.600891,35,25290.047045
214.383253,84,25295.652354
223.553242,138,25304.401104
197.653233,64,25308.166274
117.731062,25,25310.034711
142.937499,40,25312.585053
-18.370119,149,25321.762614
-72.662158,123,25329.327642
181.084139,61,25333.888792
175.654166,53,25337.888398
142.336624,28,25340.931933
148.045964,36,25344.197259
-100.056384,1,25344.477303
184.543759,63,25348.580836
137.666351,25,25350.101293
216.864265,91,25356.023046
207.452544,117,25363.664578
-100.008622,1,25363.782661
-7.981896,300,25381.360373
128.624446,41,25383.939545
-9.193604,64,25389.610217
173.829185,56,25392.841372
121.943283,17,25393.969461
192.155449,65,25398.751364
-84.974774,35,25400.88189
167.681313,43,25404.704436
169.720902,59,25409.901205
106.884884,5,25410.412875
222.356564,111,25416.783292
199.351694,88,25422.362346
8.051075,300,25439.414393
-100.107543,1,25439.528164
147.44303,30,25441.743837
-55.408494,145,25451.786289
-99.784753,1,25452.421309
-100.069585,1,25453.136416
-105.112247,1,25454.218256
-100.056457,1,25454.559047
102.018264,2,25455.074743
201.172445,80,25460.770963
218.806899,103,25466.671165
147.988775,39,25469.766404
191.168605,71,25475.430528
194.260746,100,25482.262042
229.520067,98,25489.361632
276.457842,97,25496.897246
196.098782,82,25503.228088
269.986356,142,25513.371368
167.778654,69,25517.573604
136.28702,33,25519.881611
195.048076,65,25523.636482
179.076391,73,25528.699428
217.08208,82,25533.841491
154.477901,39,25536.464416
307.936329,62,25541.389643
137.90045,47,25544.391504
234.745105,95,25550.256596
-99.423561,1,25550.383022
157.048602,35,25553.466335
-100.132988,2,25554.550114
172.296714,51,25558.087468
272.523875,44,25561.825392
193.547785,60,25566.863547
-90.65837,61,25570.558581
-114.440612,5,25571.323158
-99.947615,1,25571.434417
156.663315,52,25574.578738
234.231462,81,25581.271938
146.989869,56,25585.206728
241.398546,108,25591.96287
88.910037,300,25609.968918
170.032505,47,25613.552216
200.628032,66,25617.440521
188.766792,68,25621.719878
142.120264,47,25624.945825
-100.074726,1,25625.17345
197.174397,71,25629.869727
-100.359708,1,25630.900131
121.234986,71,25636.557194
219.857176,88,25643.050711
214.525746,88,25648.393144
198.435204,95,25654.015618
157.041556,45,25657.891845
117.59976,16,25659.487684
221.423721,78,25665.117031
-76.673826,12,25667.856688
136.992041,66,25672.094805
213.202561,91,25677.941592
108.758616,10,25680.341681
229.36137,91,25685.826942
-58.458524,22,25687.617794
-111.396671,213,25700.425111
252.909377,120,25707.385457
153.742945,42,25710.061811
-99.498309,1,25710.183089
149.435677,40,25712.666255
-107.191217,148,25721.776117
129.394703,23,25723.322764
202.020458,93,25730.422865
233.014698,33,25734.31534
162.883548,46,25738.71821
206.341054,42,25741.752254
136.817424,34,25745.743078
207.660205,70,25749.896276
246.329435,104,25756.06023
-32.374391,1,25758.166589
-27.856276,104,25765.382357
-100.695287,12,25768.094967
151.937814,35,25771.659433
-217.915329,1,25772.210038
224.094689,103,25778.229474
-40.235792,101,25785.03319
-100.097286,1,25785.542601
-100.026739,1,25787.622237
171.007488,47,25792.32223
-100.064582,1,25794.41747
-100.074429,1,25796.511927
-14.223082,108,25803.137556
106.682556,8,25804.670336
118.943775,71,25810.722844
228.120224,93,25817.570124
202.431245,68,25821.86196
99.906741,1,25822.214373
195.762618,96,25829.124749
119.390642,96,25835.448912
-76.705783,22,25837.279281
238.41312,102,25843.298366
169.977055,45,25846.267043
-100.144575,1,25847.15979
151.441102,34,25849.3014
-99.3735,1,25849.492151
-100.117871,1,25849.686761
131.556198,28,25851.725871
196.692569,165,25861.624996
154.101627,36,25863.729254
-100.073167,1,25864.014364
208.719984,91,25870.055598
239.66221,104,25876.83315
194.993194,63,25882.002229
-99.998401,1,25882.121353
193.263622,69,25886.229329
167.90762,27,25887.905936
142.602096,37,25890.255554
153.259582,48,25893.276606
-91.777658,98,25899.057036
-100.105953,1,25901.163701
-99.405217,1,25903.264999
-125.36215,51,25908.226395
-100.033856,1,25910.333961
-100.533652,1,25911.459616
260.711678,46,25915.145967
208.625571,78,25919.721674
201.613595,51,25924.058331
162.495766,46,25926.75699
138.409606,33,25930.667256
212.222252,49,25935.475809
99.940682,1,25937.567871
105.46071,13,25940.351372
123.86252,109,25948.555564
202.844609,88,25953.542104
257.785903,55,25958.856643
175.612972,51,25962.153626
163.081637,85,25967.504141
175.189699,58,25971.929475
161.571558,42,25974.455664
220.972118,88,25981.689263
251.780676,103,25987.551682
178.641317,51,25991.017561
-100.310053,1,25991.303974
229.015324,87,25996.586185
147.472204,108,26004.733488
162.587424,56,26008.054565
110.075971,9,26010.490848
218.175001,82,26015.581326
125.970424,22,26017.107429
146.177337,39,26019.550217
220.518312,77,26024.211543
191.748502,63,26028.383821
245.020885,120,26037.728168
215.574772,100,26044.931238
114.93538,87,26050.200905
267.746945,113,26058.590512
-113.171597,35,26062.624417
164.754474,47,26066.21757
223.161869,48,26070.941038
265.666143,120,26079.071209
140.071787,27,26082.626993
205.955284,103,26089.77875
-17.411983,300,26107.06976
-134.181991,17,26108.389686
165.878771,73,26112.56644
204.343094,76,26116.857774
141.378889,56,26120.381743
182.667891,58,26123.753457
-35.514274,158,26132.985559
193.120858,90,26138.704488
187.112011,47,26142.322001
220.921575,87,26148.490776
252.351349,100,26154.87552
196.746566,67,26158.78021
245.801489,90,26165.873762
178.242696,61,26170.226806
245.707951,103,26176.146984
125.942816,20,26179.3518
-175.032837,58,26184.656229
-100.068401,1,26186.763908
120.712017,21,26189.999536
186.622913,104,26197.862316
297.893848,103,26204.409741
197.398685,70,26208.828782
-88.598414,3,26211.03441
-114.730407,267,26227.746161
-100.108433,1,26229.842188
154.012918,38,26232.970936
-9.806172,300,26250.096518
-100.100484,1,26250.2191
-107.432442,203,26262.414665
-108.115869,120,26269.413777
193.271288,68,26273.276369
263.086581,43,26277.721624
197.517143,70,26283.024161
234.936029,118,26291.723024
-59.36233,10,26294.320263
-27.566618,16,26297.26282
186.940895,116,26304.868889
172.323107,54,26308.649856
108.487435,16,26309.670756
-21.371029,9,26310.245387
197.053072,66,26314.091343
186.952521,59,26317.717902
195.255795,132,26327.194424
12.165888,48,26331.960144
215.701683,24,26335.006213
175.737942,79,26340.787499
194.086997,65,26345.203987
219.979754,76,26351.505208
178.575548,82,26358.202509
130.637077,21,26360.465817
173.359384,49,26364.684476
-181.960784,4,26366.958295
-100.126818,1,26367.67389
-100.100312,1,26369.772967
-100.083132,1,26371.869514
151.715363,37,26375.959856
163.242687,55,26379.949321
176.099302,56,26383.823101
232.34832,89,26389.793834
-99.805186,1,26390.143609
149.211396,35,26392.452585
164.660975,44,26395.224069
190.703777,113,26401.724734
212.096581,75,26406.591889
-119.223529,1,26406.733419
142.59203,49,26409.847331
-100.695082,1,26410.074584
137.421379,27,26412.898299
-327.572384,2,26413.093757
911.712871,66,26417.000147
182.635497,99,26422.896967
110.808323,14,26423.739102
-67.466466,30,26427.491598
157.084796,67,26432.559318
167.846331,57,26436.810455
166.217179,58,26440.209571
221.678716,78,26444.713181
233.356339,103,26450.596245
214.085924,76,26454.957411
203.86324,72,26459.898455
-253.50114,2,26460.207644
121.837589,15,26461.827558
138.866134,30,26463.624048
153.945818,55,26467.282114
222.395185,81,26472.365249
-100.086841,1,26472.539674
153.513515,36,26474.8633
-31.856159,106,26481.201479
194.791812,64,26484.979318
5.012986,1,26486.162917
136.643151,46,26489.523526
240.740532,96,26495.423728
183.250578,77,26500.630773
-99.566726,49,26503.526429
-152.8255,1,26503.871996
200.493739,69,26508.136445
99.935235,1,26508.418328
-100.060272,1,26510.294277
-185.786299,1,26510.832781
204.750215,70,26514.807324
279.398796,88,26521.463565
-100.058368,1,26521.9925
-17.760981,129,26530.034373
135.949283,32,26531.949709
-27.833299,99,26537.64794
144.668654,40,26540.259476
201.677824,117,26547.011086
177.397821,62,26550.733056
214.258836,43,26553.99968
169.440229,72,26558.368568
-46.700082,229,26572.066773
174.623573,56,26575.614109
235.088964,91,26582.102746
143.23496,37,26584.942595
240.699099,107,26591.934953
-100.060116,1,26593.185845
-353.442079,2,26593.950479
-21.833516,105,26600.168853
183.852657,74,26604.470067
225.382104,88,26609.665396
155.605664,43,26613.633691
-40.795691,126,26621.893423
-100.099573,1,26624.005964
231.24425,73,26630.257818
174.157476,58,26633.669416
113.609056,24,26635.212279
207.209856,70,26639.838131
271.518204,94,26646.286367
171.29521,50,26649.852784
129.270195,21,26651.372118
189.940813,70,26656.14389
159.932573,44,26660.004988
204.966726,73,26664.499932
-201.551887,2,26665.062178
131.081402,30,26667.382599
222.471193,85,26672.667381
213.083484,78,26679.09295
-80.481765,2,26681.273962
218.372001,82,26686.087349
131.826537,25,26688.282078
194.310135,60,26691.949057
187.894387,63,26695.766458
-100.054439,1,26695.999557
148.522842,53,26699.778324
159.485564,53,26703.107733
210.469044,56,26708.369229
122.242296,19,26710.365551
202.891381,69,26716.190336
222.805557,74,26722.451039
138.888688,40,26724.795429
158.57962,37,26727.067184
238.600052,112,26733.563733
141.847573,26,26735.261346
215.00413,77,26740.074893
-66.803859,46,26744.773205
150.060212,45,26747.508579
-99.370715,1,26747.975172
176.313015,256,26762.6015
127.754722,27,26765.454367
129.516601,24,26767.03646
191.852741,62,26770.889575
154.387172,38,26773.126276
233.184167,90,26780.22727
166.743657,49,26785.058909
134.571045,27,26788.224811
143.250739,28,26790.132393
145.522645,266,26807.250656
222.994117,105,26813.517107
220.794753,79,26818.540427
192.072566,60,26824.019936
129.430859,202,26837.619422
143.915045,77,26844.176328
192.158122,79,26850.454236
147.947263,76,26855.753325
-211.056935,1,26856.862499
-99.755783,1,26857.441537
-100.08674,1,26858.647995
128.341809,68,26863.866299
216.392531,80,26868.981262
46.356326,108,26875.859656
-16.951865,1,26877.953206
100.205976,1,26878.425738
178.421424,57,26881.947544
190.10359,76,26886.979494
-100.46204,5,26889.314083
186.969305,57,26892.904968
-55.307151,115,26899.724874
123.021758,24,26901.656191
217.574992,77,26906.586127
-99.810009,1,26906.756304
242.093874,110,26914.09107
224.480048,86,26919.047499
219.96449,85,26926.067343
-110.828663,1,26926.24617
183.770148,36,26928.630567
-84.531798,3,26930.845576
200.004794,88,26937.616256
132.241515,35,26940.073305
-51.36109,262,26955.475979
192.274719,65,26959.431939
204.009907,78,26964.100728
-100.041397,1,26964.429435
213.313308,82,26969.703324
-99.897008,1,26969.900244
113.664958,41,26972.445258
-100.161577,2,26972.782417
212.288187,72,26977.862121
-105.8836,164,26987.390042
203.596481,122,26994.751909
135.997271,27,26996.70147
137.691779,28,26999.804282
159.613547,62,27004.66522
3.58608,130,27012.41931
143.153925,69,27016.715229
145.275345,31,27018.562946
202.898103,67,27022.628922
168.552761,89,27028.360068
160.99137,44,27031.164206
206.410729,75,27035.586351
170.684735,61,27039.319927
204.452768,76,27043.867347
118.333321,36,27046.026658
-16.805333,300,27063.530707
143.110091,36,27066.401909
122.423535,19,27068.09553
131.950305,38,27070.740034
196.069,61,27075.082256
118.065941,26,27076.858663
177.00717,57,27080.70014
101.400753,19,27083.125941
155.927157,59,27086.613401
179.638323,56,27089.945027
124.343718,21,27091.38406
240.384553,100,27098.862929
106.679449,9,27099.612648
139.490253,34,27101.974334
145.993729,40,27104.920271
235.788302,116,27112.341983
192.000579,67,27117.126305
137.681611,78,27123.478965
164.570137,43,27126.304087
189.87427,63,27130.022431
135.192394,25,27131.68861
282.924543,135,27140.821224
213.283707,91,27146.172962
146.298063,37,27148.820989
159.299245,53,27152.397599
-99.669555,1,27152.683958
194.093891,77,27157.755209
134.018832,24,27159.428737
141.266879,30,27161.221018
145.92698,43,27163.865406
141.300581,33,27165.941815
-99.670602,1,27166.340139
-100.091199,1,27167.033253
122.658466,19,27169.395377
138.265307,24,27171.171529
157.85358,38,27174.100805
137.641198,72,27179.263811
138.480556,90,27184.650086
190.819066,58,27189.294852
190.068709,15,27190.734849
163.22069,50,27193.658782
179.100304,76,27198.015312
170.493479,55,27201.797967
-100.107211,1,27202.662509
109.205698,12,27203.466974
-105.429154,204,27216.158545
186.229106,55,27219.627943
155.859216,40,27222.160306
-99.951756,1,27222.585819
210.154638,73,27227.156595
201.80502,78,27232.164672
202.26554,71,27236.403025
261.241459,113,27243.91481
146.546905,42,27246.721805
117.180827,14,27247.643134
215.526955,87,27253.161688
179.922804,107,27261.238732
-294.360771,2,27261.394814
212.553791,78,27266.318367
-216.134916,11,27266.906273
182.753249,75,27271.42217
-21.865194,3,27271.761477
161.384109,60,27276.00692
195.332793,65,27280.708887
173.689729,86,27285.613641
242.159516,118,27294.215273
199.898367,65,27298.552886
177.115713,47,27301.456306
155.938116,41,27304.040749
-149.804819,11,27306.73397
147.39031,34,27309.039578
133.497933,30,27310.913975
129.54382,84,27317.853616
-100.153472,1,27318.103847
-99.84665,1,27320.197289
-100.205612,1,27322.268671
182.26123,55,27327.230526
115.949675,17,27330.115623
171.024703,58,27335.141985
145.925605,41,27337.847175
139.493248,39,27341.241157
113.713316,52,27344.296792
205.425037,72,27348.657238
216.731869,87,27354.19387
218.825275,80,27360.723909
184.962338,82,27365.788521
181.212562,75,27372.322063
159.239735,45,27375.217775
-170.826793,53,27380.313891
132.360096,34,27382.761621
146.337343,42,27385.317675
172.831786,45,27390.010429
-62.260663,202,27402.887922
221.086185,164,27412.565394
-100.651192,8,27413.407661
235.34366,91,27418.900671
123.635612,29,27420.816628
226.314284,82,27427.50175
252.478755,135,27437.168371
156.279944,38,27439.81442
192.672481,62,27443.581047
-75.726221,1,27443.735048
131.942303,31,27445.767099
173.337075,51,27449.086457
162.841523,46,27452.635822
-71.872815,17,27455.653302
205.927448,73,27461.866688
214.25605,75,27467.731111
165.320178,49,27471.31988
190.674304,61,27475.407637
152.269836,40,27477.901768
162.039321,58,27481.496001
204.455129,103,27487.84333
-84.728264,1,27487.968895
-100.05583,1,27488.092891
179.944554,65,27492.117288
155.68688,42,27494.730773
-82.126732,83,27499.683894
-99.930521,1,27501.799563
-38.501157,51,27506.678621
155.046301,48,27511.208033
247.115407,126,27518.653397
122.44994,108,27526.792758
173.581814,60,27531.822438
129.255603,148,27541.857805
235.818425,101,27548.570214
189.345297,110,27555.455502
-14.577909,300,27574.057617
166.931867,84,27579.307295
200.072833,75,27584.15896
170.412198,155,27593.643371
167.154151,56,27598.834363
211.11164,199,27612.005164
215.831709,80,27617.058921
161.905637,106,27624.320879
-50.854967,77,27628.967741
149.228828,44,27632.058522
162.685717,49,27635.232491
-102.540273,72,27639.372411
161.708176,44,27642.461449
130.887708,29,27645.425696
227.55095,79,27650.083433
147.770561,37,27652.827062
223.220935,79,27657.548824
223.377862,78,27662.226687
129.289716,32,27664.963261
-28.67426,86,27670.045846
168.05951,68,27674.213559
-100.053627,1,27674.740525
163.685689,48,27678.331124
178.459321,61,27682.628909
158.648976,48,27686.244952
-99.517214,1,27687.20999
-100.266527,3,27687.663198
138.066043,29,27691.375961
-96.053971,34,27696.008752
-100.426405,1,27696.357598
99.899396,1,27697.997971
180.392455,54,27701.219061
4.911624,1,27701.418216
132.475447,30,27703.612892
137.839418,35,27705.625063
143.092838,39,27708.845192
173.642508,74,27713.277543
-29.977123,1,27713.504178
134.493076,29,27715.632675
-100.153833,2,27716.280332
211.366544,77,27721.028193
165.631524,52,27724.378244
-99.695454,1,27724.50147
153.70467,41,27727.060959
181.614858,65,27731.02081
165.672919,83,27737.739794
168.607529,49,27742.696249
119.741067,18,27745.774466
184.034323,96,27753.213587
225.144481,93,27759.745262
-5.450489,151,27768.714815
201.950701,121,27775.933742
146.059861,68,27780.593537
-67.28793,70,27785.991184
140.504688,35,27789.232419
188.876875,58,27794.615861
-45.142772,97,27802.237633
-100.095096,1,27804.299596
-53.65233,47,27808.997325
186.06537,81,27815.288064
-99.417517,1,27815.801344
187.835505,76,27821.951449
-100.178552,1,27822.078464
237.425357,58,27825.880528
107.837074,14,27826.737608
180.145841,65,27831.067247
177.976164,77,27837.589847
134.807248,45,27840.33378
139.219898,36,27842.644675
-99.374441,1,27842.768296
231.205788,91,27848.086351
-99.418196,1,27848.768536
159.627449,66,27853.210579
226.636423,84,27858.065036
220.636816,118,27866.755903
164.459572,45,27869.460507
-6.129456,205,27883.954149
211.784016,74,27888.884751
-81.756729,129,27896.645265
-100.038551,1,27898.740968
-99.809402,1,27900.83151
141.458578,27,27904.403972
-100.065284,1,27905.147634
161.081879,96,27911.049327
143.377962,32,27913.11366
176.821739,56,27916.582713
221.245143,93,27922.404217
204.68741,82,27927.669398
191.600101,66,27931.631585
115.913947,14,27932.566818
174.296139,135,27940.958559
184.673225,60,27944.502104
175.274547,119,27953.362798
-47.736233,103,27959.194048
240.294733,115,27967.476831
-100.051466,1,27968.067844
221.624322,83,27972.83652
181.93544,53,27976.599089
-100.390862,1,27976.719513
243.270554,94,27983.08043
178.022531,59,27987.011664
166.314588,154,27996.738277
53.188504,300,28014.818644
155.25945,151,28023.783599
158.755791,54,28027.632918
-205.583738,1,28028.139601
187.479187,66,28032.073067
-100.078114,1,28032.267614
256.587007,128,28039.860234
232.483953,98,28045.577339
307.964373,84,28052.356877
190.907961,50,28057.227363
139.958052,33,28061.138668
163.667737,40,28064.230302
213.012133,82,28069.697574
132.143699,33,28071.729571
197.563199,65,28075.625593
194.723788,68,28080.462793
157.28548,10,28081.105182
-99.96564,1,28081.404333
150.847104,56,28084.708703
177.761771,68,28088.720805
113.660133,17,28089.885065
168.778927,45,28092.737294
-9.057603,86,28098.693178
159.302274,36,28101.169536
132.506473,43,28103.990643
155.312167,37,28106.923152
186.209071,64,28111.84992
199.562763,75,28116.208497
154.633005,40,28118.738145
168.684091,19,28121.873413
-10.122713,8,28124.378138
-100.105206,1,28126.44066
-99.857924,1,28126.612161
160.686314,65,28130.340697
162.127337,41,28132.865673
204.821577,75,28137.242114
-32.79243,92,28144.005068
150.892123,17,28146.800179
253.046335,75,28151.454365
193.054884,94,28157.562911
120.893037,17,28159.784273
157.735636,58,28164.883109
211.045935,230,28179.05151
-18.158122,13,28181.851689
116.017815,46,28186.483255
142.78182,35,28188.516318
-100.11097,1,28189.545398
130.195982,25,28192.952971
114.491512,13,28195.229293
-118.346472,16,28198.202914
-99.666194,1,28199.406323
151.248618,41,28202.122422
186.628242,71,28207.833709
186.50402,74,28212.173914
169.343775,95,28218.020807
181.429206,63,28222.207302
-98.768092,7,28222.711198
238.212688,95,28228.753479
160.068459,42,28232.508402
289.925124,47,28237.188958
211.416183,74,28242.574525
179.825443,57,28245.900216
195.780981,55,28251.043347
121.49332,36,28253.188207
103.779284,28,28255.840614
197.231091,93,28261.217585
176.438289,54,28264.917512
164.673718,70,28269.768721
123.480569,16,28271.012733
-32.909802,62,28276.035336
189.089749,69,28281.705212
172.682256,65,28286.027104
-45.218705,70,28290.30542
114.223466,13,28291.218852
101.24589,8,28291.856636
209.580048,71,28296.627292
255.743758,112,28303.200565
167.415809,45,28306.217986
-100.120949,1,28306.337162
198.860638,188,28317.17414
145.662569,32,28320.52337
195.28615,85,28325.87499
151.433356,56,28329.232481
173.89489,47,28331.94929
53.524594,300,28349.589308
156.855725,77,28355.70706
189.916791,64,28360.20184
186.152413,67,28364.403754
218.081248,101,28370.762831
164.858541,42,28373.425276
149.757111,37,28375.694633
146.304919,30,28377.448726
162.935866,45,28381.372724
-99.929577,1,28381.829343
213.049266,84,28388.111918
-100.051495,1,28388.406215
-100.26616,1,28388.524059
-99.86803,1,28389.160365
188.616496,75,28394.081829
157.686067,48,28396.874953
190.58244,47,28401.474702
130.266719,25,28403.526313
-120.8698,1,28403.814608
155.225553,40,28406.20148
-281.86126,5,28407.791961
218.415975,105,28414.637393
115.053721,14,28415.65898
203.356003,66,28420.530229
125.064041,24,28422.343331
176.74464,109,28430.162729
148.29549,58,28433.584474
126.640375,21,28436.804721
-100.059142,1,28438.904785
-100.104698,1,28440.994197
-171.166078,37,28445.113152
-102.009175,1,28447.175037
-99.907077,1,28449.236797
126.564561,22,28452.49632
-87.875095,7,28454.920462
-100.067305,1,28457.005726
-100.05564,1,28459.08707
-100.105255,1,28461.168682
-45.508917,18,28464.214943
-99.786048,1,28466.310546
205.219069,131,28475.774396
220.695563,157,28486.647535
207.46395,59,28491.990802
155.351727,96,28499.385936
151.142844,65,28503.162348
156.299109,53,28507.019882
59.631437,300,28525.749955
-102.711889,45,28530.321475
-100.11741,1,28532.408566
-138.68408,11,28535.065157
-64.924528,126,28543.269424
-100.076985,1,28545.356617
-100.109606,1,28547.443043
-99.364299,1,28549.529335
-100.108262,1,28551.616626
103.210786,25,28555.065208
149.488184,62,28560.606603
193.775615,68,28566.480363
-54.838646,20,28569.63858
132.810798,26,28571.648773
171.911005,56,28574.984377
183.125935,102,28582.716884
-90.280139,6,28585.078995
-100.064775,1,28587.18312
-100.178842,1,28589.26177
169.444217,89,28596.23661
111.843239,8,28597.522349
-45.578798,49,28601.042332
-100.086692,1,28603.128674
-93.740701,10,28605.72761
179.229173,74,28611.899326
-38.339017,69,28617.774322
-100.149563,2,28619.916606
171.926349,49,28623.940976
126.179048,46,28627.053348
35.819079,300,28644.334931
156.980468,49,28647.570257
131.317016,34,28651.266974
-220.4638,28,28654.865376
-92.867686,1,28656.155117
-106.514806,1,28658.231052
-29.746819,168,28669.673662
-100.067595,1,28671.759629
-99.745473,1,28673.848948
-88.79143,13,28676.616989
-99.430304,1,28676.864632
241.101628,101,28682.554404
133.239159,22,28685.407942
106.418489,122,28694.242251
159.653448,40,28698.436826
199.429614,73,28704.544476
10.134071,300,28721.328666
178.809654,73,28727.484351
3.041064,51,28732.39579
-99.884833,1,28734.488357
-99.618495,1,28736.57856
-51.616522,10,28739.180799
180.434305,57,28744.42272
124.318185,56,28748.112847
147.463366,38,28750.469599
-100.022935,1,28750.807256
-100.050899,1,28752.882176
147.78905,36,28756.952962
232.793759,92,28763.032347
175.845362,55,28767.785376
162.941284,47,28771.026478
197.424075,70,28776.893972
189.982935,101,28784.553282
-14.849831,18,28787.593347
-100.077061,1,28789.679449
152.984162,59,28795.597255
206.378244,76,28799.915199
128.793346,23,28801.480166
203.338574,103,28807.541818
151.942018,92,28814.748876
154.915888,89,28821.795279
154.097873,198,28834.161878
-99.377253,1,28834.332608
192.751045,61,28838.473772
-100.088,1,28838.926346
-100.071478,1,28841.014874
217.786229,81,28847.567938
-38.595461,121,28856.399993
-29.069916,145,28865.493699
-99.937998,1,28866.53372
-100.136069,1,28867.251074
195.096177,122,28875.506869
212.511237,98,28883.023885
143.632338,33,28885.880447
-99.685861,1,28886.392517
-100.081365,1,28888.48564
129.379408,24,28890.275763
175.354896,53,28895.279798
222.298869,117,28903.573026
147.454169,32,28905.858168
-117.662525,30,28909.585078
-60.094508,3,28910.637391
193.117296,79,28915.36655
-15.728504,300,28932.228314
-100.421026,1,28932.371543
171.396693,52,28935.377214
-100.063192,1,28935.742927
-5.96996,1,28935.879148
190.903551,69,28941.027304
218.014848,99,28947.437359
135.561697,27,28949.133547
137.497054,58,28953.261796
136.317234,28,28955.944637
20.502832,1,28956.740097
-8.394653,300,28974.688836
-100.199536,5,28977.001805
-89.149543,61,28982.479938
-99.943015,1,28984.569237
-99.611426,1,28986.660733
-100.075082,1,28988.748838
170.868318,50,28993.616883
208.638769,91,29000.787617
151.581785,42,29005.191815
-295.879976,49,29009.97133
-100.949163,1,29012.022313
183.427057,46,29016.643185
164.974253,65,29022.350497
226.151377,119,29031.113093
-100.02931,1,29033.210084
-40.36533,300,29051.935621
192.357392,72,29057.970244
133.170126,114,29064.69518
159.95555,53,29068.898654
200.687133,106,29076.902883
215.201825,89,29083.602283
227.939302,85,29090.373479
223.547404,106,29098.309277
229.146785,125,29107.06739
-100.377117,1,29107.426348
-100.080935,1,29108.374285
175.069828,54,29111.616532
206.432592,82,29117.983338
116.283314,23,29119.777682
210.841141,40,29124.052786
225.186389,82,29128.841019
172.650816,88,29135.782777
184.516504,57,29139.300679
179.864056,54,29144.007835
-99.993709,1,29144.287152
171.154468,48,29147.340224
-100.05776,1,29148.747871
154.006071,40,29152.616422
114.476054,14,29154.302056
-100.278912,1,29156.394538
-100.09196,1,29158.46591
219.482391,84,29164.209731
165.47741,44,29166.713378
202.680159,77,29171.405528
137.083945,27,29174.774475
-117.436966,30,29178.497069
194.78632,70,29183.343699
-96.381078,109,29189.642287
198.608222,64,29194.257781
205.272432,71,29198.36214
138.941596,25,29200.15771
165.72588,61,29204.403365
-100.669737,12,29207.114249
-99.509177,1,29209.210523
120.450076,17,29211.309316
245.51911,112,29217.725474
171.238708,45,29220.686613
126.486489,34,29222.812963
241.875968,98,29228.739076
205.207976,76,29233.276137
162.3663,45,29237.659985
-99.470002,1,29238.859681
-112.288265,1,29239.146911
136.193917,74,29243.678309
201.95588,149,29254.102835
155.724631,81,29260.103864
254.195883,90,29267.316982
189.337014,66,29271.161457
239.06741,60,29276.554981
210.630117,75,29280.848796
121.48817,32,29282.858844
206.321494,91,29288.332566
244.702785,151,29296.808897
-185.929915,65,29302.510795
234.808997,97,29309.943485
123.766656,61,29315.357545
187.546784,111,29322.447378
-99.208925,112,29330.262333
83.584229,300,29347.627907
-48.248082,54,29352.662275
174.262357,53,29355.788691
147.593769,33,29357.686503
180.548047,54,29361.712891
117.806337,300,29380.442203
-93.564406,34,29384.398213
-100.061672,1,29386.486948
-100.050671,1,29387.784691
-100.094824,1,29389.874131
127.36817,73,29395.979882
-156.004053,15,29398.848308
177.53807,71,29404.896712
-82.503809,113,29413.446505
181.898268,56,29416.864219
178.07019,54,29420.380623
-99.644712,1,29420.89519
271.489931,126,29428.310538
229.25874,123,29436.213702
158.472749,64,29441.870587
-100.024602,1,29442.322881
227.549652,99,29448.0647
166.45217,18,29449.537955
174.709022,108,29456.038963
153.906722,44,29458.645281
159.353419,57,29462.046769
146.319954,44,29464.65739
174.379993,58,29468.125518
247.758431,128,29475.832907
228.93596,53,29480.881668
190.748583,75,29487.155183
201.197206,80,29492.603171
144.003683,36,29494.793045
166.924927,43,29497.824609
109.258344,11,29498.845227
-100.059233,1,29498.959885
250.80073,94,29504.612557
328.16376,34,29508.552753
78.571555,300,29527.015718
-100.065376,1,29528.888342
234.572591,49,29532.596079
218.872812,93,29538.261194
148.81187,45,29540.948252
75.44319,300,29558.122399
169.894689,47,29561.42603
-100.199189,1,29561.824803
-100.04886,1,29563.894196
135.087515,82,29570.540211
231.933671,98,29578.045613
191.50383,65,29582.550922
237.334369,85,29589.308305
210.4811,107,29596.749102
123.183832,20,29598.116242
146.13678,26,29599.664597
226.707109,91,29605.655559
164.282931,47,29608.432615
150.093199,38,29611.620128
181.208671,64,29617.261412
117.280864,75,29622.738719
110.771815,20,29625.926297
207.218969,102,29631.96812
172.215769,58,29635.918296
183.93234,60,29639.477642
122.678655,40,29643.799447
152.292778,76,29648.485495
241.452086,112,29655.543426
-100.053078,1,29656.228301
157.886395,40,29658.772249
134.127929,31,29660.582948
216.341828,85,29665.891581
163.488704,38,29670.04838
217.169536,106,29677.958319
-100.080288,1,29678.583392
-85.082855,89,29683.951649
-84.187098,295,29701.758644
195.47755,75,29708.026118
184.786883,62,29711.977731
155.916201,36,29716.072749
-195.21977,43,29720.522286
-100.071056,1,29720.727211
180.050866,50,29724.203825
239.426826,103,29730.55164
211.408812,74,29735.850239
217.116216,151,29744.678134
-99.71979,1,29745.419948
220.817959,83,29750.25504
152.775553,52,29753.512979
215.891525,82,29758.403578
-99.901253,1,29759.220037
201.008081,74,29763.596318
185.730351,64,29767.662709
168.769761,49,29771.29057
218.357972,82,29776.048164
177.073202,54,29779.735565
-100.078043,1,29780.821274
-208.571348,1,29781.265409
-46.166241,80,29786.220774
165.6402,45,29789.991879
220.425116,114,29796.524822
144.233672,31,29798.571595
-99.426847,1,29798.746733
172.358883,66,29802.609852
151.515207,32,29804.530236
185.723511,71,29808.660434
214.955078,110,29815.177722
163.92936,72,29820.226869
201.265789,92,29827.493219
179.950951,55,29830.669346
199.179592,97,29836.671696
145.580858,44,29839.582514
172.54924,50,29843.755517
162.772951,104,29850.143392
-100.032116,1,29850.613957
-100.064681,1,29850.786728
201.314984,86,29855.74113
122.020686,71,29859.890751
-291.664009,2,29861.445502
186.904622,80,29866.399351
119.924408,21,29867.914327
152.256654,94,29875.089772
-100.099706,1,29876.738076
231.108773,124,29884.793307
161.590017,33,29886.891961
91.165638,300,29904.766658
-188.562628,13,29907.523557
-143.761125,1,29907.824351
161.504079,47,29911.42616
149.246457,36,29913.637573
47.457149,300,29930.894989
169.80105,57,29934.289545
232.864309,86,29939.26824
-100.074656,1,29939.572753
-100.276503,1,29939.7548
198.397203,70,29943.826609
121.366264,22,29945.361506
178.696532,50,29948.247815
230.344681,92,29953.512354
242.683536,98,29959.398671
-99.624824,1,29959.739646
-99.947655,1,29960.024484
208.315571,73,29964.616809
196.690388,76,29969.409221
129.442284,24,29971.003208
-78.999433,43,29973.520081
146.204437,87,29979.52029
108.139949,9,29980.08962
99.932935,1,29981.979151
-100.080599,1,29983.412143
122.422357,25,29986.092101
-100.057701,1,29986.89218
6.633782,300,30005.059393
-24.867336,300,30022.158101
138.848715,29,30023.978968
184.404427,60,30028.349539
207.464416,116,30035.154986
-94.703024,29,30037.200273
181.532431,54,30040.550723
212.190856,88,30045.71633
-86.859856,168,30055.467248
143.830542,44,30058.185878
145.820449,33,30060.169782
179.916211,58,30063.623466
198.95642,99,30070.087976
166.521954,70,30074.274329
182.422942,55,30078.079875
132.780179,33,30080.871271
150.103372,39,30083.713289
217.797329,81,30088.360089
-96.402807,15,30090.899707
115.476105,10,30091.63234
109.719839,12,30092.819238
120.488779,18,30095.020213
116.973817,23,30096.936996
116.082224,13,30098.120444
-54.151764,41,30101.012416
-29.143924,1,30101.471248
-63.570007,118,30108.297305
161.801307,54,30111.65464
212.862389,123,30118.804267
158.414414,56,30122.902043
222.908012,81,30128.006048
166.280789,67,30133.788614
191.359753,59,30137.189587
173.534996,47,30140.140467
184.601862,60,30143.831181
-202.149849,1,30144.378071
187.948773,58,30147.714391
190.644797,62,30151.570843
192.379246,80,30157.569681
241.179819,110,30163.8602
139.742206,35,30165.885438
-84.842042,24,30169.296789
111.72982,9,30170.089139
138.542868,27,30173.64363
167.087823,113,30182.075292
16.739923,300,30199.396352
161.727112,43,30202.479879
111.076049,27,30205.504444
167.06949,53,30208.571237
222.936662,86,30213.42582
184.566911,64,30217.5624
-111.308164,292,30235.633783
-100.160137,1,30237.701178
-100.228523,1,30239.795443
-40.597404,7,30242.21928
-100.086665,1,30244.296801
-87.537858,20,30247.478385
-99.981501,1,30249.571962
-73.058744,25,30253.02721
140.191333,32,30255.893698
104.256867,12,30256.732739
202.749396,65,30260.741891
206.976938,77,30265.594033
37.690298,300,30282.421799
225.050559,78,30288.814867
137.602928,38,30292.503201
65.837567,300,30309.625211
131.998902,30,30312.463943
184.83442,89,30319.475733
-100.092103,1,30320.72339
149.079816,32,30324.062137
-103.231276,8,30326.543063
191.10325,58,30331.463187
190.52559,29,30335.09166
195.968528,65,30339.443268
163.06119,45,30344.007089
162.51534,63,30348.649603
195.089688,69,30353.122871
110.307691,14,30354.184777
-55.925742,1,30354.748244
154.573657,36,30356.982715
-46.851468,99,30363.009059
164.209398,48,30367.434724
177.88947,51,30370.728963
264.597637,115,30379.178157
-212.138141,1,30380.564434
-105.700283,1,30382.636119
178.026229,53,30387.658799
177.79313,54,30390.781284
227.463482,104,30397.495117
-99.511556,1,30398.114441
177.108212,59,30403.610617
165.749414,60,30407.069291
178.33865,71,30413.04257
157.16441,41,30417.384871
161.171984,148,30427.729921
170.236364,49,30432.541546
261.982741,104,30439.996968
192.369951,70,30444.084604
-101.962963,36,30446.306382
-100.050916,1,30448.390114
-100.063172,1,30450.47656
152.202403,38,30454.667492
113.930437,82,30460.650201
174.539616,22,30463.891886
-100.055064,1,30464.625465
151.19021,36,30467.022953
143.122513,68,30472.880801
182.710735,56,30477.794558
190.013587,57,30481.011373
180.383031,92,30488.193795
156.610565,24,30491.572274
207.960991,82,30496.451611
22.610255,98,30503.954918
210.562268,63,30508.812944
-84.469828,30,30510.764698
-99.386652,1,30512.860147
-100.071977,1,30514.945178
133.77237,25,30518.394968
252.097124,93,30525.648104
26.893474,145,30535.673195
179.898479,59,30540.255256
227.843631,138,30549.996633
173.185346,114,30558.387795
239.314142,89,30563.621061
-77.931506,18,30566.018138
125.333543,73,30570.266373
136.72312,28,30571.938655
-222.015574,1,30572.256704
146.052253,35,30574.334841
161.504141,47,30578.676532
138.803604,29,30580.521562
229.590812,83,30586.003483
217.252457,120,30593.912821
201.56392,124,30602.902191
-8.777167,300,30621.365091
256.835323,107,30627.711408
166.178151,50,30632.509944
181.944806,106,30640.466262
126.709613,22,30643.213889
197.195457,72,30647.408605
276.177966,78,30653.800119
234.932,108,30661.849844
153.623086,38,30665.828797
93.934228,300,30684.555908
267.751249,111,30692.819582
-84.680924,20,30696.010324
147.523275,38,30698.349222
-46.295293,93,30703.889446
135.875436,47,30706.730974
-62.176676,275,30723.256948
-100.10923,2,30725.401814
156.85767,57,30730.62338
221.740779,51,30735.521417
169.539895,63,30739.145907
108.63666,51,30744.031181
145.360447,52,30747.441473
124.441197,28,30749.33649
234.959192,87,30755.767477
-42.14102,90,30761.794503
-100.545779,14,30764.606432
-100.086372,1,30766.691875
-100.079127,1,30768.782407
235.418984,113,30777.174512
192.816007,58,30780.457264
-100.474581,1,30780.630857
-100.110589,1,30782.705062
142.142919,36,30785.49198
-90.864255,36,30787.718965
168.895372,53,30790.95472
245.66517,124,30799.95695
207.488511,74,30805.204609
251.704783,67,30811.003472
198.749563,63,30814.559319
122.031057,24,30816.068064
-123.437777,4,30818.322256
125.222921,29,30820.403692
205.802899,38,30824.557594
139.756851,27,30826.854755
-100.234306,1,30827.318796
214.576958,109,30833.520385
148.976412,47,30836.42048
161.419283,46,30839.045141
-252.74865,7,30841.446875
171.466874,67,30845.272437
181.644113,50,30848.39698
163.542564,51,30851.469138
213.209113,85,30857.040998
259.545563,70,30862.997064
-119.999419,44,30867.607666
133.318188,38,30871.258081
222.805321,105,30877.842439
224.787434,82,30883.444484
187.748258,14,30886.269197
147.392831,45,30889.464436
168.579899,100,30897.104189
155.088175,97,30904.551764
192.274547,106,30911.577209
-99.92202,2,30913.35445
212.019182,102,30919.142944
171.126053,62,30923.100448
176.413804,65,30928.126662
126.959545,18,30929.752225
158.231933,63,30933.710604
139.171028,53,30936.719954
174.837828,106,30944.666801
137.615989,102,30952.40171
210.932524,70,30957.709834
-56.843672,20,30960.854965
156.887708,41,30963.830681
231.161712,71,30969.852588
-39.386805,1,30970.470397
125.250348,37,30972.966656
213.791047,94,30978.310814
108.199179,39,30980.876637
183.367406,70,30986.837439
-100.140732,2,30987.004957
209.853089,86,30992.053703
187.126183,71,30996.31662
259.658664,72,31001.833359
-100.097005,1,31002.959054
-100.102921,1,31005.066078
-100.155291,1,31007.148533
-99.439916,1,31008.321825
-99.96726,1,31010.40641
125.67508,18,31012.780558
-214.467241,1,31013.320911
973.056644,29,31015.198576
106.420183,13,31017.503186
148.2808,60,31022.929449
232.117364,111,31031.341447
160.87629,55,31034.734132
171.781179,45,31037.576055
142.669479,37,31040.316382
144.666846,36,31042.555904
52.697685,300,31059.565388
214.948217,87,31066.499232
-44.008067,255,31082.821232
-104.045449,1,31084.155325
-103.025477,1,31086.233827
-106.87308,1,31088.314134
-102.373434,1,31090.399254
-93.664135,11,31093.010177
112.674165,15,31095.882753
-100.064478,1,31097.969918
150.077062,63,31103.538019
212.002316,78,31108.558067
-158.546299,40,31112.849865
208.65866,112,31121.138452
242.709269,92,31126.709689
248.53793,68,31132.571583
264.81132,130,31140.748532
-100.106219,1,31142.768772
198.100785,68,31147.740209
96.073365,300,31166.440957
164.531175,98,31173.52302
198.983449,133,31183.095367
87.743713,300,31199.945688
119.892589,20,31201.174648
190.669323,65,31204.853729
105.639579,6,31207.218913
226.481137,103,31215.062047
-120.360981,25,31218.499131
269.000924,43,31221.145496
145.585563,35,31223.540919
158.108126,39,31226.477226
122.57338,35,31229.490413
132.525312,57,31234.706935
-89.341263,46,31239.330872
172.704605,53,31243.617057
178.730964,25,31247.068389
140.49652,31,31249.097689
189.848866,66,31254.806342
-100.578702,1,31255.786175
-100.172071,1,31256.46636
163.527876,53,31260.55899
-100.035857,1,31261.199977
-100.202718,1,31263.34614
-98.673964,2,31264.950741
176.478262,57,31268.484421
228.748488,100,31274.869899
239.334634,89,31280.028794
233.040241,93,31286.770328
187.200441,59,31290.977604
175.302875,68,31295.524296
199.742698,80,31301.414488
-100.145396,1,31301.651718
-100.091909,1,31301.834575
-100.054666,1,31303.962507
212.816022,84,31309.497093
202.070589,87,31314.772442
167.079138,44,31318.197059
147.003765,40,31321.069055
-100.102882,1,31321.236693
189.725537,70,31325.318259
201.290187,25,31328.764473
-99.969723,1,31329.47033
191.594035,60,31333.279379
211.14551,84,31339.665878
-100.119521,1,31339.836963
-39.44445,74,31344.660808
123.72246,119,31351.549367
210.259941,79,31356.257648
166.578475,50,31361.104414
-170.265119,14,31363.936451
126.291675,19,31365.28489
143.177761,34,31368.66374
225.170267,99,31374.554556
214.5179,82,31380.905939
-93.756563,42,31383.600372
-100.113428,1,31383.996552
226.262315,99,31390.74145
-100.296711,1,31391.711478
242.117568,92,31397.366429
205.337577,76,31401.862177
253.904534,91,31408.317362
171.93826,53,31411.629975
-96.3967,5,31412.983042
163.608416,39,31415.56495
-100.071112,1,31415.959701
139.716824,36,31419.283255
219.094023,75,31423.536855
-99.715664,1,31423.785152
164.920016,50,31427.418386
147.102306,30,31431.165761
136.792552,40,31435.048526
181.83369,71,31440.49877
199.779792,66,31444.935488
207.595006,98,31451.328411
-99.240716,64,31455.658081
234.804435,84,31460.978572
116.647398,25,31463.565699
171.784766,53,31466.652147
-33.227665,100,31472.781631
-100.096734,1,31474.892524
-99.82568,1,31476.996774
-106.198103,1,31478.84835
130.291513,20,31480.824236
182.510237,98,31488.373
186.914465,75,31492.767916
129.3993,119,31499.704315
149.905174,88,31506.659123
-93.173147,16,31507.608732
-20.450757,300,31525.249604
-313.634471,2,31525.832803
1869.741808,115,31534.248061
169.683587,91,31541.382276
155.062698,44,31545.587604
-100.080913,1,31547.61511
221.382047,96,31553.806336
221.289252,85,31560.352843
-96.38736,38,31562.582728
181.255899,61,31566.109826
237.901787,88,31572.269096
31.550929,300,31590.781483
290.242854,144,31599.034406
218.294398,80,31603.566807
190.493504,61,31607.052495
118.115013,16,31608.987814
-41.962742,129,31618.106831
-100.073224,1,31618.347326
224.703586,78,31623.382205
-181.821515,6,31624.783765
153.462125,31,31628.163233
193.645417,67,31632.193245
132.128793,32,31634.14334
-38.15513,79,31638.906787
175.812853,35,31641.2691
-338.554371,2,31641.867589
244.960581,96,31647.421356
195.680377,89,31652.630771
267.183892,65,31656.601982
120.141425,24,31658.720176
197.699111,73,31663.031153
-100.169757,1,31663.147525
-39.074226,55,31667.684436
177.772853,58,31671.135307
197.389377,78,31676.168223
182.560009,75,31682.255961
-63.719697,1,31682.597002
162.264715,54,31685.955845
-100.059975,1,31686.237846
-99.993235,1,31686.362616
-99.980191,1,31687.266707
197.612739,81,31692.086444
-100.117914,1,31692.428813
247.539054,95,31698.320593
-99.973743,1,31699.690902
166.983218,126,31707.107486
-159.38204,1,31708.796509
193.831876,64,31712.474163
-98.363444,3,31712.814471
220.21797,78,31717.457642
237.424449,92,31724.095022
172.403765,54,31728.935306
118.86048,19,31732.021128
245.603062,94,31739.318998
229.964973,91,31746.288684
-100.034433,1,31746.421443
175.475058,75,31750.861602
122.099478,117,31757.720635
270.772784,116,31764.609867
166.662412,79,31769.43891
154.685046,44,31772.081698
165.079571,45,31774.694617
172.543763,102,31780.797768
255.993873,155,31791.583654
261.704975,109,31797.963257
113.820115,10,31798.931756
123.865989,22,31800.804588
-100.068805,1,31802.055627
-100.051351,1,31802.33698
126.101964,30,31804.637134
-99.391024,1,31805.147546
218.742194,92,31810.438721
192.948573,90,31817.113902
170.022495,45,31819.708601
116.265812,35,31821.738278
108.517583,51,31826.683252
211.078213,70,31830.853565
228.892673,85,31836.008359
234.937016,99,31841.939468
144.78393,31,31844.033395
-100.012186,1,31844.259309
206.976159,98,31850.260743
-99.395485,1,31850.374723
-100.065248,1,31851.860243
146.139738,21,31853.387924
189.740682,65,31857.623364
143.866299,28,31860.685355
160.207404,64,31865.296385
183.293652,60,31869.051708
-99.488981,1,31869.276162
176.206912,58,31872.709099
-100.156778,1,31873.459826
-86.572489,32,31875.321037
154.342652,45,31877.976959
199.962636,63,31881.993535
150.553293,32,31884.024036
197.818129,63,31887.641473
-32.883594,34,31891.628155
-100.08374,1,31892.361157
118.633924,17,31893.916562
-100.055275,1,31894.196988
157.572571,40,31896.792831
-100.178217,2,31897.187621
148.80888,34,31900.247281
210.131252,81,31904.869747
-100.220539,5,31905.377241
162.786838,96,31911.145108
-100.112315,1,31911.600063
159.970428,41,31914.49159
213.249475,75,31919.01467
246.329676,72,31923.477874
227.578086,106,31929.81626
262.720238,110,31936.260435
137.153033,47,31939.941496
128.701989,24,31941.36137
-100.072953,1,31942.880318
-99.95242,1,31944.965649
-99.733156,1,31945.194206
-100.050555,1,31947.279944
-93.265546,1,31948.582322
171.584961,182,31958.839674
174.36875,51,31962.159419
155.855029,45,31966.734349
128.75428,26,31968.536441
100.574492,1,31968.81945
161.403021,79,31973.427728
160.129008,45,31976.124956
-100.274949,3,31978.287116
187.983116,61,31982.186817
178.529226,55,31985.379368
151.376763,39,31987.6747
227.126712,88,31992.715137
-100.02712,1,31993.172926
128.626878,23,31994.990414
156.70211,37,31997.129045
194.74776,68,32001.051791
-62.618048,173,32011.230234
-100.10083,1,32011.626627
-187.44573,1,32011.882189
1229.69608,72,32016.215328
138.3301,96,32021.929997
-99.991541,1,32022.105251
153.757986,44,32024.832968
172.659579,47,32028.307507
-100.235201,1,32028.660403
145.619306,31,32030.809037
126.038284,20,32032.908197
-100.207135,4,32033.359936
188.903598,61,32036.910939
213.070443,79,32041.64507
191.292108,69,32046.742084
136.992306,47,32049.567476
148.974412,55,32053.028461
221.87243,90,32058.972279
137.914661,32,32061.239288
-32.746408,150,32070.206984
237.202908,90,32075.73434
198.023393,63,32079.594955
246.075488,44,32082.139834
201.341542,104,32088.072893
-99.62372,1,32089.499052
203.385186,109,32095.822631
180.81343,61,32099.71746
-109.28332,3,32100.115921
154.860118,53,32103.443195
162.22484,201,32115.179865
-100.122961,1,32116.502237
218.681851,79,32121.150728
-99.403929,33,32123.411696
138.039485,31,32126.474248
-100.026908,1,32127.162701
222.430509,94,32133.404985
-99.954803,1,32133.523397
185.089035,89,32138.682507
-100.159664,1,32140.52181
143.628839,29,32144.20996
-99.486177,1,32144.493548
184.165884,65,32148.223436
-100.319583,1,32148.336884
-77.901909,46,32152.132412
-100.086956,1,32154.074049
187.027345,63,32158.895116
-99.774006,1,32159.147513
144.97055,45,32162.265252
162.480874,40,32165.103448
236.96547,103,32171.449657
179.339588,118,32178.303602
202.767585,66,32182.125275
157.931897,42,32184.958514
163.505317,61,32188.969461
132.216375,37,32191.211303
-100.086073,1,32191.440451
157.258248,44,32194.478223
152.890016,39,32196.823126
125.663612,33,32199.377936
142.001594,27,32201.625869
-80.861946,43,32204.765832
-100.14215,1,32204.957272
99.882342,1,32205.078404
176.084071,52,32209.136688
115.456873,231,32222.677953
132.001576,25,32224.278788
148.480147,94,32231.655866
190.109586,67,32235.817836
-110.269902,164,32245.193468
230.142104,93,32250.693103
185.521955,59,32254.204403
160.927028,39,32256.757982
233.479763,85,32261.706607
166.718892,49,32264.54158
-99.901442,5,32265.109329
249.914531,106,32271.844913
183.682872,57,32275.568743
223.906229,89,32282.394801
154.803326,36,32285.486274
131.418704,36,32287.594577
176.737469,53,32291.189283
143.26107,43,32293.868385
174.409559,50,32296.937592
170.162043,67,32300.729466
142.367148,27,32303.360052
-34.990558,77,32309.567741
-100.080403,1,32311.682269
234.308734,83,32317.381741
159.372439,43,32321.071572
162.641229,71,32326.743746
228.870001,87,32331.796547
218.967034,75,32336.108073
210.616463,77,32340.940174
-60.380908,1,32341.809909
177.117356,56,32345.165962
205.51623,81,32349.827418
18.898934,300,32368.018607
222.968815,92,32373.803983
263.400995,19,32376.902825
140.769288,286,32393.4075
128.845093,26,32395.86407
160.283962,40,32398.36952
247.721688,104,32404.498794
144.485071,34,32406.888199
197.986088,99,32413.071175
278.270414,93,32418.988314
291.120233,35,32422.506789
211.112706,93,32428.61762
209.094678,87,32433.908949
198.238312,93,32439.476669
-100.109383,2,32439.762851
128.723186,20,32441.807888
155.939202,39,32444.294688
142.357847,32,32446.498305
-100.052526,1,32447.070287
148.16217,79,32451.638123
184.304585,56,32456.856803
168.126796,74,32461.873829
109.310891,17,32462.991206
129.024736,19,32465.009641
-100.044608,1,32465.743793
60.545037,300,32483.392236
-200.17886,1,32484.338675
192.218219,69,32488.464846
-100.081782,1,32488.866881
184.520326,54,32492.150801
169.508923,46,32494.979882
226.323111,95,32500.523397
158.627513,46,32503.293331
139.206687,93,32510.627363
211.66753,71,32515.254246
236.468995,94,32520.627536
165.151133,75,32526.682746
172.878111,50,32530.934413
-100.028313,1,32532.828683
-100.102242,1,32533.77928
156.539514,46,32537.009829
192.743424,62,32540.86392
176.574738,51,32543.973149
158.031731,87,32548.997197
151.283881,47,32552.269981
-100.268727,3,32552.497787
-100.528349,1,32553.244367
115.988641,15,32554.149257
201.298076,73,32558.435258
-6.180528,5,32560.722054
-100.350544,4,32562.880708
286.263758,121,32570.088211
135.953776,30,32572.45563
-53.414956,83,32578.412167
140.056209,37,32581.97628
136.206656,31,32584.354902
250.129633,100,32590.209788
-97.262412,12,32592.198437
134.084157,24,32593.665891
210.118388,29,32596.167997
218.737363,170,32606.083904
191.7301,62,32610.392467
239.868813,82,32615.083658
19.492287,300,32631.919144
226.539949,97,32637.60966
148.01085,39,32639.883706
205.674418,69,32644.895744
230.513599,125,32652.590362
-93.852552,53,32655.851986
-100.147677,1,32656.429232
230.727115,94,32662.254398
-99.652255,1,32662.649247
-100.09474,1,32664.641799
176.483588,55,32667.890532
115.64162,27,32670.760553
187.703346,88,32675.755504
190.912863,56,32679.070556
175.252824,57,32682.384945
155.610741,40,32685.135426
198.436448,66,32689.287197
161.183128,63,32693.044632
-111.217455,1,32693.8897
160.261506,45,32696.576334
217.986805,88,32702.014133
144.420045,37,32704.316398
-100.103218,1,32704.599563
-10.35035,300,32723.214402
220.026157,84,32728.251267
111.929445,17,32729.498653
-99.184088,31,32732.478162
166.029602,65,32736.360802
184.299956,55,32739.537073
50.405062,300,32758.466055
164.274548,43,32761.073514
188.617672,66,32766.610273
218.841308,79,32771.251084
216.425661,76,32776.170697
-100.114751,1,32776.968182
154.510984,58,32780.451149
135.337733,26,32782.205562
263.162356,124,32789.273187
153.583157,50,32792.147052
135.122043,26,32793.78896
179.365079,137,32803.513401
102.566784,3,32805.709302
166.591687,167,32817.199965
285.622364,142,32825.428129
-14.717553,118,32832.432106
222.767031,79,32837.148401
255.045563,83,32841.859565
-100.613845,1,32841.972548
212.311502,74,32846.399827
161.993635,48,32849.315565
211.990733,69,32854.541689
135.781162,43,32857.07155
178.353279,57,32861.236153
105.054179,5,32862.257452
164.847953,45,32865.542797
215.005334,86,32870.557621
227.419789,114,32879.056978
-100.233992,1,32879.233045
181.278276,136,32887.184393
-100.100147,1,32887.759052
-6.524856,300,32905.526114
240.23997,92,32911.08566
210.983101,66,32915.970091
163.77052,55,32919.329399
220.559544,77,32923.92237
-100.04191,1,32924.207537
-97.300247,82,32929.438941
134.194487,25,32932.767405
222.683474,82,32937.80299
172.108882,46,32940.631475
188.970792,99,32947.36634
-70.505804,56,32950.649051
132.619906,32,32952.519945
222.044094,85,32957.317705
129.306257,19,32960.42217
228.291767,59,32965.753636
221.491711,97,32972.479229
216.843052,135,32981.306337
-55.017617,1,32982.393767
245.85295,122,32989.932304
267.761501,142,32999.05559
160.66501,76,33003.856565
197.974404,107,33009.991073
232.39237,102,33015.801243
-99.986425,1,33016.538665
170.238234,52,33019.827561
227.998371,103,33025.686656
-45.425042,202,33039.161577
144.636876,40,33041.48017
180.964806,52,33044.75514
225.513497,44,33047.922338
-100.067846,1,33048.433984
204.717778,72,33053.901052
103.612376,4,33056.147595
-34.833653,84,33062.106073
-100.099007,1,33062.950769
193.861394,72,33067.343112
95.697693,300,33084.562489
228.4346,6,33085.300984
229.76365,88,33090.328517
223.835203,89,33095.466897
173.778083,53,33099.090397
255.712923,100,33104.914622
-75.465729,82,33109.940763
-100.062251,1,33110.225191
-100.058249,1,33110.977808
255.037603,107,33117.822228
153.949443,47,33120.65404
-86.913732,37,33122.973247
-135.572198,14,33125.829193
143.386407,48,33129.303363
165.480787,50,33132.363298
197.192356,82,33139.292117
114.348265,73,33145.40925
-99.707151,3,33146.366082
108.368899,7,33147.433481
204.404782,53,33151.017907
184.395183,57,33155.3122
192.934779,69,33160.618127
-99.709339,1,33162.091331
146.906857,31,33165.070188
149.036765,76,33170.089407
-61.309336,72,33175.340328
-99.797809,1,33177.430577
-121.928976,14,33180.24873
-99.80174,1,33182.10802
-100.073547,1,33184.2146
224.171281,75,33190.424799
160.341245,49,33194.162437
117.506742,22,33197.431445
229.922744,39,33201.639988
-99.755692,1,33201.927344
-102.985906,8,33204.32858
-100.206644,1,33206.454066
100.005732,1,33208.535344
147.256732,96,33215.958283
4.968003,133,33225.405655
-100.103257,1,33227.49129
-100.11469,1,33229.575396
-100.107472,1,33231.661555
-99.39428,1,33233.747513
-99.757087,1,33235.837741
144.642443,38,33240.017598
164.810726,101,33247.755194
145.707109,50,33252.602838
213.437742,86,33259.488053
131.995231,39,33263.710195
118.80741,52,33268.654916
-100.062505,1,33269.723034
-12.227268,171,33281.25049
255.166755,154,33291.90244
245.134168,158,33302.796669
250.424789,51,33305.694522
230.19635,89,33311.378853
262.812416,71,33317.397902
-21.368901,105,33324.938765
-100.54513,4,33325.224465
-2.631429,168,33334.692805
209.730371,72,33340.625863
175.435704,69,33346.547809
-100.06063,1,33348.668828
-131.7212,5,33351.007758
201.246987,70,33356.386558
101.830046,7,33358.519259
-57.591037,196,33369.773499
189.49942,63,33374.978233
213.248731,104,33382.788235
-100.08447,1,33384.76389
-100.060106,1,33386.851573
184.208976,55,33391.9701
140.602907,115,33400.42093
169.110067,44,33403.090808
-82.331897,58,33408.402699
-100.690083,1,33408.524899
-51.435474,93,33415.483113
116.139471,22,33417.325302
136.468422,27,33420.877486
220.979433,165,33432.167816
157.935167,44,33434.672248
184.040583,70,33440.609196
173.78158,65,33446.30633
168.692035,92,33453.518558
-139.75516,15,33456.390016
-100.087834,1,33458.014324
-100.065196,1,33460.106441
124.47499,20,33462.015449
158.46599,49,33465.868401
-32.557645,34,33469.814725
-100.068392,1,33471.148623
157.788556,40,33473.508869
180.575359,87,33480.385786
225.179539,216,33492.796346
-100.069658,1,33493.189791
137.13707,34,33497.020519
113.297585,21,33500.252845
198.951522,85,33505.689822
220.972449,82,33511.064102
174.696798,50,33514.936904
140.5749,26,33517.186962
-100.022273,1,33518.215055
140.483971,39,33520.649433
111.825182,12,33522.512585
120.628157,18,33523.865797
-105.155503,22,33527.153504
-99.713134,1,33528.935907
-100.038918,1,33529.750651
-99.62789,1,33531.848201
-100.085847,1,33533.948357
167.965755,97,33541.458279
187.215469,62,33545.611523
218.004475,85,33551.606803
120.578442,14,33552.675584
117.328327,16,33554.870696
184.74353,74,33559.354354
213.471915,85,33565.526319
150.002377,67,33570.459232
218.503385,83,33575.325556
-36.219052,1,33575.947951
-100.335494,1,33576.993989
216.584391,99,33583.306353
157.973497,62,33587.285444
234.152857,81,33593.51642
216.431429,77,33598.443234
-100.009579,1,33600.144881
212.752544,73,33604.563956
216.647842,92,33610.387916
187.895423,79,33616.556307
102.103334,2,33618.315691
-99.705774,1,33618.995301
-100.056974,1,33621.092782
-100.052501,1,33623.188251
-99.686245,1,33625.284585
149.989089,50,33630.128019
167.55186,73,33635.117029
-91.352369,15,33636.466094
182.62621,164,33645.804429
-100.157953,1,33647.781749
185.199162,63,33652.057156
131.855681,25,33654.704597
-120.735201,20,33657.88085
176.223471,66,33662.867257
160.572166,58,33667.92863
-100.159159,1,33668.903398
83.440329,300,33686.552425
189.714066,85,33692.626389
202.222098,100,33700.229299
237.46839,100,33706.575335
-12.003031,178,33718.617609
154.438923,51,33721.889066
-73.119834,36,33723.946624
136.856322,29,33726.630896
112.074781,69,33732.491487
135.141082,28,33734.217579
3.23153,300,33750.928021
-98.176125,25,33754.362171
218.498721,83,33761.058672
-209.970902,15,33763.926625
-99.846316,1,33766.010482
138.950587,25,33769.452623
113.960471,27,33772.994417
235.345887,140,33782.847089
66.685896,300,33801.560613
-73.305935,25,33803.287982
-100.177771,1,33804.192071
-100.039403,1,33806.259404
251.590793,125,33815.487741
176.483798,50,33818.390691
-100.081116,1,33819.574238
198.875859,75,33825.070619
108.350654,8,33827.321147
228.869903,89,33832.848728
157.816239,47,33836.766276
-99.68365,1,33837.440305
195.051983,91,33843.755873
232.767345,97,33850.282913
115.711551,19,33853.378685
-100.056667,1,33855.239603
-100.124999,1,33857.300686
11.980538,300,33875.821922
180.477162,25,33879.255659
194.823343,92,33884.491792
-203.775773,1,33885.82042
194.520521,67,33889.636407
224.192479,79,33896.105913
164.27146,14,33898.924379
159.80286,68,33904.751155
-65.936213,18,33907.807717
-99.846951,1,33909.904086
-100.080402,1,33912.00753
-66.419811,153,33922.618992
161.19548,53,33926.186644
-100.458438,1,33928.218027
224.172286,85,33934.370633
177.432383,50,33937.936256
186.020282,66,33942.956473
193.180472,85,33948.468092
-167.746418,202,33961.749714
118.333263,19,33963.092531
219.678602,125,33970.949392
125.788817,25,33972.460986
148.861733,1,33973.025781
190.352938,105,33979.067494
224.282388,81,33983.870289
238.166376,91,33989.576948
204.374917,76,33994.450424
140.77041,45,33997.02994
-100.132158,3,33998.444136
149.998667,39,34001.889608
236.499106,94,34008.68554
277.104255,59,34014.047209
197.992902,14,34016.205276
232.492664,121,34023.446366
-64.637212,137,34031.372882
209.877204,78,34036.576648
179.999474,59,34040.83654
188.202519,71,34045.066934
166.807945,46,34047.978792
161.402689,49,34050.862454
-100.035312,1,34051.27967
164.692252,66,34055.143555
-100.079695,1,34057.205292
150.622943,45,34059.786129
-99.172399,1,34059.899793
198.072728,78,34064.410594
-100.056215,10,34065.035083
-100.098758,1,34065.147221
223.422524,87,34070.167485
162.976108,42,34073.020256
152.219996,34,34075.018458
204.162456,79,34080.398184
227.399746,100,34086.546351
204.441537,89,34091.651678
-155.734419,5,34092.099507
173.091194,53,34095.543332
-39.192709,179,34106.094206
208.408892,75,34110.349306
172.258088,47,34113.49108
119.939717,35,34116.643892
-45.383584,28,34120.181263
9.151154,104,34127.214313
-100.062415,1,34129.300543
-99.947982,1,34131.387482
-100.059635,1,34133.475996
-100.082862,1,34135.564658
-100.063875,1,34137.64545
-100.056981,1,34139.733433
-71.155204,61,34145.209686
135.731211,44,34149.726306
-70.127077,38,34153.476646
-100.177415,1,34155.450068
-99.620395,1,34157.541306
-99.533712,1,34159.632928
181.863231,60,34165.064865
181.36501,78,34171.496299
194.89443,70,34177.448447
211.671284,212,34191.352168
113.971628,10,34193.945163
269.848828,88,34200.913448
217.335879,97,34206.344239
103.355106,3,34206.679943
179.10891,61,34210.238245
248.288187,204,34223.710467
112.852964,10,34224.940175
-100.086128,1,34226.120248
202.088816,71,34230.212358
160.107885,39,34234.38866
156.154998,47,34239.053327
149.25609,195,34252.01432
177.888432,56,34255.457305
259.526178,108,34261.612802
-99.94194,1,34262.787122
104.599223,17,34264.857891
-100.088549,1,34266.268128
148.253992,34,34269.859679
234.189796,79,34276.317864
116.614633,154,34287.149347
105.282042,108,34293.978987
178.394604,49,34298.423916
123.674784,38,34301.378839
211.264263,137,34311.09292
234.761378,122,34319.570652
148.841641,31,34322.424634
147.271791,44,34325.215685
266.088818,132,34334.618087
268.051736,25,34338.033494
136.683616,38,34342.1738
188.306542,79,34348.62107
-100.064563,1,34349.979712
151.316703,34,34351.94243
-100.080231,1,34353.293415
-100.076271,1,34355.37399
204.503914,22,34358.64511
159.502692,67,34363.060182
184.35504,75,34367.915347
168.053801,47,34370.925312
-100.083945,1,34372.72803
-100.056154,1,34374.839514
-100.069898,1,34376.933623
174.045781,99,34384.616979
138.549235,50,34387.861529
186.511895,77,34392.315485
-179.569967,238,34407.618058
-100.084675,1,34409.696761
218.37456,90,34416.743163
128.85931,32,34420.574898
112.891115,21,34423.787186
184.613718,68,34429.658678
171.178718,220,34444.503862
139.472421,36,34446.73938
-100.334418,1,34447.001339
-100.043673,1,34449.107394
-100.072419,1,34451.167627
-308.407463,2,34452.386443
123.565844,18,34453.447768
99.897625,1,34455.547447
120.538438,31,34458.034768
-42.197248,105,34465.841789
194.959502,67,34469.894412
190.408807,129,34477.687226
214.381342,75,34482.686882
216.932391,83,34488.063591
205.420205,82,34493.329681
212.709578,84,34498.42384
210.746121,89,34503.854854
-64.239956,3,34506.060815
126.170019,22,34507.738345
151.621794,38,34511.93676
72.807913,300,34529.960769
191.749472,77,34535.516529
-68.126143,37,34539.656516
-13.251286,300,34556.828274
200.662337,88,34563.406594
201.542815,141,34571.564126
186.341013,47,34574.604807
158.240587,44,34577.637112
197.372101,64,34581.962348
239.466291,90,34587.802193
223.825955,52,34591.195494
102.135833,3,34591.992312
144.845906,52,34595.905692
120.623378,17,34596.924649
175.948296,58,34601.173845
161.780961,48,34604.514673
126.145572,34,34607.291035
222.991756,76,34612.312022
-100.24566,3,34613.274719
148.186108,46,34616.503776
186.424566,57,34619.986985
196.388291,72,34624.185117
-129.429117,1,34624.753973
174.450522,53,34627.979921
-101.117476,98,34633.74926
228.562236,104,34640.084724
-100.412927,6,34642.303252
-99.92542,1,34642.918375
201.55748,66,34647.037721
280.898321,130,34654.772526
117.41963,45,34657.375325
158.849731,52,34662.083566
112.560927,12,34663.5045
134.781777,29,34665.315056
-44.864671,109,34673.064958
167.220872,49,34676.585812
178.407796,98,34682.701227
252.59761,97,34688.918043
181.980109,85,34693.94002
-43.343717,114,34700.489825
153.093718,48,34703.253194
-99.648398,1,34703.701364
-99.94938,1,34705.792388
140.753119,27,34707.707127
-100.082792,1,34709.399328
205.9938,75,34714.315889
118.719656,29,34716.272917
208.921143,188,34729.07453
230.987623,48,34731.914823
231.663502,85,34737.249303
-99.784164,1,34737.764251
-24.715955,54,34740.863374
236.28395,91,34746.361553
-100.106289,1,34746.645694
228.813945,98,34752.424201
216.070854,78,34757.124611
179.214358,52,34760.491933
192.735373,63,34764.418933
-100.082306,1,34764.995177
151.700434,43,34767.667001
236.930689,93,34773.445269
127.829953,18,34774.634872
-144.072217,16,34777.566192
164.537431,152,34786.513624
273.200099,83,34793.271296
202.280008,78,34797.708961
-100.089983,1,34798.048115
181.35178,51,34801.560994
246.322918,44,34806.071377
159.158981,45,34808.788939
128.261707,25,34810.544655
127.976742,29,34813.506559
140.132073,27,34816.063236
-100.039502,1,34816.869318
-100.105799,1,34818.978271
171.509906,57,34822.492764
-100.093853,1,34823.873758
127.004994,20,34825.296724
188.559695,66,34830.450364
222.131103,99,34836.941469
132.654347,25,34838.873875
232.96524,90,34844.196898
242.59037,99,34850.913465
210.444461,34,34853.799456
159.831577,42,34857.549153
-86.975195,264,34872.545053
-335.578089,2,34873.309559
179.573099,65,34877.016901
205.582844,171,34886.78818
177.695107,34,34888.817059
139.42767,36,34891.702399
70.689177,300,34909.816894
186.368633,68,34913.878455
173.7977,62,34917.655406
-97.971561,6,34918.271961
-324.29918,2,34918.922154
-101.990816,1,34920.973389
-99.843184,1,34923.03623
6.135403,165,34934.25312
-100.09356,1,34934.651544
193.192323,65,34938.544558
177.799829,63,34943.005692
181.170164,52,34946.181994
-93.771506,39,34949.443361
139.831257,30,34952.31603
170.759011,54,34955.828857
117.702372,16,34958.796191
117.449654,12,34959.712261
-71.066408,101,34965.948068
223.03532,32,34968.042901
-100.497428,6,34968.606383
-99.826242,1,34970.722802
-100.201019,2,34972.672515
-100.094794,1,34974.786867
218.399684,95,34980.483644
232.259346,99,34986.807491
150.249211,37,34989.604244
-100.140621,3,34990.277445
200.674793,63,34995.887748
188.107619,71,35000.833617
204.80311,95,35006.724315
202.838403,71,35010.875598
171.56531,45,35013.487373
246.912881,100,35019.945898
278.72141,46,35022.651112
143.464693,31,35024.547441
139.971685,33,35026.71868
23.671725,300,35044.678439
140.37393,110,35051.736748
189.444937,61,35056.417663
143.824852,39,35059.80575
-201.210187,1,35059.904537
-100.063981,1,35060.187555
132.513065,26,35061.895352
187.087713,62,35065.770151
179.2822,52,35068.755108
-99.785519,1,35069.738767
228.084248,113,35076.802883
201.869965,65,35081.463305
182.318266,227,35094.528518
169.564375,52,35097.542177
179.38552,59,35101.246986
-96.805379,15,35102.376611
164.132148,45,35105.168211
227.856126,93,35110.638426
138.670602,24,35112.129159
156.296252,43,35114.803317
225.120098,137,35122.694881
-99.546954,1,35122.837956
173.325253,53,35126.470474
145.234389,48,35130.451423
154.342215,47,35134.21442
137.49997,32,35136.21199
-100.092552,1,35137.359546
236.747794,97,35142.938576
-100.050955,1,35143.896744
122.933855,16,35146.267491
223.175583,96,35152.507846
-100.062891,1,35152.9584
156.234446,72,35157.208973
-145.558786,44,35161.737931
-63.50009,86,35166.660432
-99.835036,1,35168.020442
152.902161,44,35171.571349
184.758865,66,35176.096844
200.602602,70,35180.883525
230.900185,106,35188.467457
184.145358,81,35193.069568
-100.070685,1,35194.138354
177.408834,133,35202.598705
234.871021,69,35208.475282
203.548883,123,35217.406872
202.589398,66,35221.749464
217.099802,78,35227.378403
197.067649,75,35233.633693
-148.30974,48,35238.36589
-100.090523,1,35240.458576
-29.939367,114,35248.884404
167.986527,52,35252.452563
-39.274108,17,35255.43535
224.425794,87,35260.777451
-16.706956,72,35266.868556
-100.051354,1,35268.956047
198.058111,103,35276.723552
229.311872,97,35282.181268
265.433181,142,35292.133025
150.741282,36,35294.973285
192.855757,80,35300.040738
164.009017,40,35302.750065
193.371926,63,35306.425944
193.245258,100,35314.093901
-93.047856,12,35314.757055
144.896733,31,35316.579057
169.510023,58,35320.336369
141.865192,30,35324.065137
224.237137,142,35333.998956
171.149405,81,35340.502829
180.021923,54,35345.464097
183.854903,51,35350.309642
-131.145197,32,35354.075447
215.346253,77,35360.29727
237.107997,136,35369.904331
150.277661,46,35373.695837
139.220965,29,35375.536985
193.046436,63,35379.451686
-100.103966,1,35380.238982
-100.055822,1,35382.327067
-100.090032,1,35384.410452
-143.77048,5,35386.747426
-100.062502,1,35388.859143
191.081227,75,35395.148541
210.883555,76,35399.595982
147.659924,42,35403.992373
-100.051044,1,35404.38308
-99.719519,1,35406.466676
143.409968,92,35413.630945
-53.561687,1,35414.53525
199.299185,78,35420.555282
219.139277,75,35424.930782
-78.448902,4,35427.201412
126.892121,30,35428.936983
215.302382,93,35434.775539
105.934052,5,35435.618623
200.281657,77,35441.132954
144.553012,38,35444.804807
113.012506,45,35447.940769
181.565205,73,35453.048254
127.733489,20,35454.283494
-100.083379,1,35454.791258
-100.109774,1,35456.551088
-100.108071,1,35456.816524
135.531994,40,35459.951804
210.484775,182,35471.648964
140.703342,31,35473.81895
201.461559,66,35478.595467
237.499701,118,35485.51794
174.940382,98,35493.037309
103.858656,5,35493.375346
151.828378,41,35495.712182
212.820475,74,35501.131201
139.880723,58,35506.409515
152.40389,165,35517.408397
179.752875,63,35520.987114
220.184372,84,35527.138626
142.137689,27,35530.698433
130.104346,87,35537.579429
166.554366,57,35541.203975
133.163715,34,35543.381526
127.225746,19,35544.890697
198.320015,73,35550.773546
-137.588162,20,35553.931091
229.332073,83,35559.076305
186.472116,70,35563.324301
256.17005,99,35570.884729
188.901062,61,35575.819131
196.968813,67,35581.032358
110.677509,8,35583.001783
-100.162156,2,35584.131643
-100.088744,1,35586.224844
228.43498,89,35593.052323
270.962665,114,35600.350304
-72.478693,11,35603.040094
-100.056009,1,35605.018722
142.69723,33,35607.782799
225.79749,82,35612.837977
250.09865,24,35616.234747
164.382,49,35619.789344
181.383089,59,35625.145082
164.572987,94,35631.196583
193.536335,25,35632.675685
240.179081,96,35638.345615
236.706575,106,35645.750769
157.041798,48,35650.33553
-100.394218,10,35652.044404
185.773594,59,35656.201409
234.867317,94,35662.013817
-100.100624,1,35662.248352
160.013183,50,35665.239117
168.699335,52,35670.071119
187.630103,62,35673.974494
-100.014518,1,35674.088754
-100.088374,1,35674.271934
222.310684,107,35680.533088
-99.616001,1,35681.165334
183.3206,57,35684.513978
157.324829,52,35687.677682
242.265653,108,35693.879481
212.279633,75,35699.491978
137.377239,24,35702.62447
198.054724,71,35706.742423
198.438482,73,35711.212415
173.102574,126,35718.379623
140.174759,28,35720.709503
237.46948,93,35726.133034
150.3959,35,35728.563079
-100.117302,1,35728.736621
-85.357221,286,35745.104602
201.478777,99,35750.98547
176.634575,59,35754.835743
174.001026,51,35757.765719
221.169084,98,35763.537578
-100.111839,1,35763.821848
232.407985,99,35770.532649
-100.07596,1,35770.817497
133.00627,23,35772.523479
-32.563285,135,35782.290358
140.947332,34,35785.778478
-99.976767,1,35787.860286
-99.612141,1,35789.266271
-21.709217,90,35795.221898
244.949031,116,35802.304479
158.608992,37,35804.980115
-100.101715,1,35805.429284
206.111135,80,35810.328403
169.040126,47,35813.060895
210.694165,78,35817.578709
166.283171,62,35823.11673
185.883187,88,35830.097409
-100.094057,1,35831.11597
-100.051783,1,35833.218748
-100.208634,1,35835.289979
155.916678,101,35843.018929
186.934494,62,35846.522764
-176.783162,1,35847.454825
-99.604164,1,35848.077355
138.356836,31,35849.977517
-85.103499,107,35858.054017
202.90007,86,35863.495469
134.265949,29,35867.165971
171.315613,10,35869.758111
-100.078547,1,35871.832972
-100.067046,1,35873.920731
-100.056574,1,35876.011775
-100.064731,1,35878.105645
163.26987,129,35887.368353
210.015477,149,35897.762414
170.19781,44,35900.776786
188.44812,59,35904.417176
-102.75122,299,35922.884137
-99.921756,1,35923.006486
169.41063,49,35926.015784
174.236166,24,35927.423281
132.508079,30,35930.789431
204.079529,70,35935.100908
192.786405,61,35938.75678
130.085525,120,35945.775833
156.322091,89,35951.120419
113.89029,16,35952.076909
194.74909,84,35957.938557
218.086017,57,35961.265112
-100.063723,1,35962.459322
-100.078033,1,35964.178616
157.37226,56,35967.591786
184.651391,78,35973.445736
-51.879571,156,35984.151401
-100.111969,1,35986.237596
-100.133705,2,35988.385743
-100.051849,1,35990.473282
-100.055283,1,35992.559626
-100.069574,1,35994.662389
-100.094137,1,35996.750246
-62.447817,15,35999.640901
136.574317,118,36008.281283
208.723739,77,36014.266631
136.884431,44,36017.556545
154.58499,35,36021.56883
191.174919,69,36027.497814
135.086222,30,36031.222196
-173.290044,56,36036.386993
193.121087,65,36040.853069
164.275324,107,36046.873079
151.274741,88,36053.851962
123.804452,20,36055.929358
171.115268,76,36060.611
-45.988777,127,36069.25574
-100.07886,1,36071.343676
199.55319,114,36079.74208
126.709521,27,36083.300421
217.931161,113,36091.829232
147.618842,50,36095.104266
-13.522607,160,36104.426373
119.083078,18,36105.841381
190.665578,107,36112.967851
136.951679,52,36116.093441
191.940404,66,36120.894843
203.782639,39,36125.15306
-100.773225,10,36125.839775
207.959359,75,36130.160951
157.298368,42,36132.772511
153.007464,33,36136.038913
190.602975,65,36139.821392
167.419853,105,36147.77821
188.909161,95,36155.191695
141.103105,43,36158.378048
50.778399,300,36177.498399
168.005107,45,36181.528414
177.513158,94,36187.289804
226.417828,43,36189.85994
-217.766475,1,36190.860487
170.023883,296,36209.807596
271.522687,110,36216.877102
189.911076,69,36221.544313
216.508753,86,36227.316308
-100.89208,9,36227.945471
171.698693,80,36233.315547
180.190102,63,36237.595825
167.238561,84,36243.117137
222.100998,86,36248.694553
166.687319,55,36252.354753
163.364962,41,36255.159691
-100.059055,1,36255.416219
212.026527,89,36261.247634
-100.070621,1,36261.37085
163.875517,63,36265.409451
179.394287,54,36269.123608
146.536659,46,36272.21807
-100.01557,1,36273.105239
201.927413,89,36278.888048
-100.113388,1,36279.504847
222.747341,83,36284.884796
213.85375,78,36290.049437
144.929743,33,36292.437685
-100.096847,1,36292.559795
139.827019,31,36294.60441
122.34581,24,36296.352984
159.368337,43,36299.370991
-59.652837,1,36299.566654
167.880727,45,36302.487857
193.044766,62,36306.261934
165.976651,49,36309.534069
215.536946,100,36316.365155
169.727438,44,36319.241124
183.717483,171,36330.327244
223.075902,85,36336.076231
224.164388,82,36341.364884
185.643526,58,36345.169664
183.962413,73,36349.935752
-100.060165,1,36350.124373
209.748516,79,36355.419449
118.720801,21,36356.889832
225.846463,93,36362.896787
172.391416,73,36367.913501
117.784817,15,36369.117959
168.808947,58,36372.823055
105.966973,38,36375.552413
170.410368,46,36378.80949
131.35491,38,36381.438587
-100.301651,1,36381.636261
201.967198,71,36386.170982
-127.604475,121,36394.10724
-100.344661,8,36394.780865
156.581491,48,36397.940197
-100.281951,1,36398.071222
-100.059027,1,36398.304229
-99.557891,1,36398.676147
187.199198,68,36403.141109
206.970346,82,36408.640114
159.230192,54,36412.254756
159.633235,38,36414.876048
16.168627,300,36433.371936
202.021844,66,36437.560265
107.88721,15,36440.443199
142.011691,40,36444.191997
-100.295388,1,36444.812772
-100.420306,2,36446.915905
-100.246959,1,36448.981293
173.241371,108,36457.053759
147.251213,33,36459.52409
-100.087821,1,36459.636995
201.683619,78,36465.24208
-100.380679,1,36466.427415
154.654136,41,36469.058573
180.726142,90,36476.110785
250.049254,105,36483.441355
196.846527,68,36487.74739
197.43815,100,36493.659149
252.871508,107,36500.327799
199.469325,64,36504.813719
-60.278212,42,36508.804329
-352.046075,2,36510.787242
203.062396,82,36515.69206
165.427075,85,36522.505662
139.061845,33,36526.384554
132.007611,24,36527.950421
168.521704,95,36535.291117
172.574417,74,36539.671693
130.524169,25,36541.633838
153.216017,94,36548.937328
204.931692,74,36553.300269
-94.090385,27,36555.152723
120.349726,15,36556.164938
-38.423391,162,36565.374434
129.328094,194,36576.67528
150.293638,32,36580.359637
-89.078101,15,36583.2321
-100.057513,1,36585.320673
-25.232782,105,36592.360842
103.901751,6,36592.925537
-37.06947,96,36599.243676
-150.641477,1,36599.977274
-100.1136,1,36602.064521
-100.061981,1,36604.15507
-99.951773,1,36606.243002
-99.76091,1,36608.327302
-100.155673,1,36610.410279
-100.077609,1,36612.50033
-100.090167,1,36614.58378
-100.011989,1,36616.696749
154.218318,207,36630.435858
200.55473,86,36635.763441
223.008831,89,36640.841435
-66.91772,92,36646.253839
190.131348,62,36649.82195
202.95926,68,36655.296114
-100.096923,1,36656.313669
-100.054431,1,36658.403942
215.456215,87,36665.113507
-57.229615,155,36675.995239
-218.249209,1,36676.600349
-50.983177,278,36692.361297
-99.939346,1,36693.728927
111.540495,29,36696.021768
-18.356123,300,36713.590922
-99.500234,19,36716.691855
-100.532797,10,36719.286778
-100.0525,1,36721.373279
-100.095605,1,36723.45771
225.47348,67,36729.279639
190.429689,145,36739.494648
146.94697,44,36742.06024
166.084601,64,36747.269534
31.095456,37,36749.725285
-100.076544,1,36751.810311
207.306841,69,36757.713374
-99.177708,14,36758.778171
-100.092006,1,36760.875403
-100.0822,1,36762.962939
193.250078,42,36767.355599
172.477496,47,36770.200482
222.433351,82,36775.326177
226.252337,99,36782.860919
167.757182,42,36787.270236
149.231864,70,36793.21666
-193.043468,1,36793.778156
148.713412,38,36797.028848
205.125657,77,36801.497497
148.738736,27,36804.472599
146.896151,32,36806.649303
206.099315,60,36810.722844
-100.068287,1,36811.510993
-100.088505,1,36813.595767
-100.186863,1,36815.661486
234.148884,120,36824.389221
137.883671,29,36828.047821
231.074516,287,36845.282692
295.708224,113,36853.672933
126.87573,23,36855.294826
163.212177,261,36870.716345
-29.341452,43,36875.170418
223.912434,79,36881.050617
238.417107,103,36887.807247
211.822315,81,36892.705928
-100.119208,1,36892.818095
-100.093782,1,36894.898362
-100.082902,1,36896.97839
164.26843,48,36901.724958
170.396327,52,36905.855704
168.860162,106,36913.77598
-100.117268,2,36915.916702
-100.092215,1,36918.002286
158.164476,109,36926.154489
110.710619,14,36926.991888
-92.801123,33,36929.844611
-100.082984,1,36931.919306
157.292875,40,36936.210153
-206.494149,1,36938.264343
-102.065861,1,36940.352041
-68.103926,34,36944.308925
-99.652981,1,36946.396273
-182.544356,3,36948.55962
127.963649,22,36950.75112
-100.063681,1,36952.444201
-99.967944,1,36954.51389
133.809183,76,36960.785431
-77.735226,42,36964.187128
-100.277815,5,36965.871002
-100.790958,13,36968.634772
196.530142,84,36975.335177
-37.300581,143,36985.356053
-100.058505,1,36987.443294
96.350842,300,37006.200216
185.239652,63,37011.459099
254.982035,106,37019.580572
166.557438,128,37027.721088
107.875055,10,37030.318127
-100.15044,1,37030.880562
244.179006,113,37037.459834
145.261751,30,37040.429402
128.018683,28,37042.21097
-22.741363,112,37050.498948
163.909912,59,37054.332052
-91.04136,10,37056.926246
-100.062737,1,37058.495936
-99.818973,1,37060.584485
148.823939,147,37070.820813
168.191595,67,37076.637058
-94.386165,8,37079.116116
-99.397083,1,37081.199758
-57.616932,19,37084.294925
-89.550434,25,37085.855983
-95.291842,1,37086.240388
139.223553,40,37089.268255
175.334984,86,37096.13427
142.475799,41,37098.477108
167.883356,51,37103.396488
217.559527,121,37112.198772
133.324715,42,37114.652358
125.96309,21,37117.005638
180.788384,54,37120.236236
194.514727,70,37124.189537
169.35949,99,37131.781832
178.492426,71,37136.613391
130.645303,29,37138.523843
141.386188,35,37142.526163
-75.062015,128,37151.67724
234.464332,129,37160.366336
-100.4277,7,37161.994237
-74.595225,116,37168.537233
-100.065697,1,37170.62328
-100.054158,1,37172.709593
-100.103919,1,37174.796781
-99.8477,1,37176.877244
-202.67902,22,37180.150467
-82.364301,13,37182.927917
-95.781165,1,37185.016622
-11.083927,161,37194.148457
-100.090632,1,37196.228679
-100.094024,1,37198.315149
-100.059015,1,37200.406248
-81.141545,149,37210.968622
-99.856751,1,37211.516854
-100.105821,1,37211.637637
208.982708,78,37216.660549
200.512314,66,37220.4648
157.470808,57,37224.098625
230.449209,149,37234.570751
-100.05883,1,37234.693907
239.401096,94,37240.104707
137.807946,32,37242.45832
197.319989,83,37247.994534
154.100993,64,37251.962696
-86.440138,82,37256.603936
235.99451,97,37263.316933
-11.651894,9,37265.848786
-100.073645,1,37267.936927
-99.456869,1,37270.02585
-28.908827,115,37276.955029
-100.171769,2,37279.102302
151.272314,37,37281.679834
180.130173,82,37286.300037
-114.848514,5,37288.609631
172.443988,64,37292.790632
-71.802173,50,37296.298915
155.73009,52,37299.252255
265.670504,156,37308.841599
120.410278,16,37309.798913
101.876541,4,37310.587358
227.287342,106,37316.65828
147.14478,33,37318.60391
207.057655,30,37320.510155
157.914391,57,37325.804562
153.118718,44,37328.673923
206.137101,80,37333.412585
200.09354,101,37340.111478
-100.021952,1,37340.225068
128.918488,24,37343.263362
166.199645,51,37346.226844
162.925352,46,37350.866784
155.059288,45,37353.587064
156.163757,38,37355.810377
10.276728,1,37356.320888
-145.763669,1,37357.81827
202.444443,74,37362.120574
229.187542,47,37365.372371
-100.004129,1,37366.332276
178.972936,53,37370.209728
-100.153204,1,37371.168035
109.625823,32,37373.069701
194.965237,69,37379.002345
-98.575212,137,37388.699412
233.080718,108,37394.793643
202.864523,76,37399.375269
181.685944,56,37402.731333
168.564985,96,37408.232262
-93.584722,14,37409.645584
233.173366,106,37416.67515
-99.997559,1,37418.198543
230.030225,90,37423.669813
161.591913,63,37427.775896
134.178504,26,37431.281983
-80.144221,31,37435.063902
-100.101651,1,37437.135756
-100.051672,1,37439.224235
-83.716075,1,37441.314896
12.741375,300,37458.233886
163.424883,47,37462.489307
-75.793953,38,37466.664795
-100.078307,1,37468.7542
119.903152,122,37477.610866
143.236666,124,37486.570178
167.569899,49,37489.99344
205.736873,78,37494.567826
182.354742,54,37497.876628
204.268792,75,37502.120503
202.789371,74,37506.690375
266.29782,108,37514.765221
-17.718173,38,37518.945446
256.401935,101,37526.324611
-99.894222,1,37526.998651
180.963409,57,37531.996165
167.933394,84,37538.759485
-132.762049,1,37539.435845
-98.162034,55,37543.091905
-100.105824,2,37545.245511
146.569289,44,37549.015743
204.759076,65,37553.06125
211.74018,80,37558.060387
-100.10222,1,37559.046549
168.177858,89,37564.445161
237.245599,77,37569.560152
139.472276,67,37573.599128
197.500998,97,37579.76309
-67.63865,146,37589.959109
-99.754994,1,37592.04537
-100.09395,1,37594.129101
-100.073183,1,37596.218781
-99.956497,1,37598.309327
-100.068265,1,37600.396281
130.280734,243,37616.085284
168.397512,57,37621.28666
-141.121918,8,37623.765149
-100.063237,1,37624.158125
-100.094295,1,37626.23958
253.057923,113,37634.545684
-100.082263,1,37634.824807
99.908016,1,37636.907326
-99.77977,1,37638.995703
202.854239,88,37645.128263
210.80537,78,37649.831102
132.843397,22,37652.295125
-99.32669,1,37652.407947
-100.066145,1,37654.496567
215.879131,58,37659.965955
189.246569,69,37664.093285
-108.565556,55,37669.233451
158.275086,40,37671.637933
174.730543,59,37676.108537
180.92644,61,37681.311772
218.035826,83,37686.505616
152.879559,58,37691.783068
189.931134,68,37697.613773
-100.246934,1,37699.543747
-100.267322,1,37701.673928
-100.121165,1,37701.838666
-100.051069,1,37703.419423
194.296858,91,37708.546633
218.493167,75,37713.788604
190.528716,66,37718.936651
169.177301,127,37728.077609
125.336053,27,37731.635124
191.795943,65,37737.334036
-41.73529,33,37741.226787
-99.89992,1,37743.310469
-100.094221,1,37745.398045
-99.618354,1,37747.484381
-99.956738,1,37749.568555
174.581361,72,37755.687873
187.59111,60,37761.096674
137.106856,28,37763.002739
194.516439,137,37772.74743
176.899665,49,37775.549331
156.343609,54,37778.894781
189.524912,65,37784.559263
173.974933,80,37790.080579
-99.970886,1,37790.333666
-99.863033,1,37792.474103
-99.887195,1,37794.602345
-99.827154,1,37796.695365
150.287973,34,37800.660804
177.493472,83,37807.326645
166.215795,56,37811.459968
60.3219,300,37828.259972
-107.728054,16,37831.779858
201.745384,66,37835.567454
228.248844,107,37842.281047
166.647152,93,37849.509369
-100.014274,1,37850.082271
236.65379,86,37855.995438
194.567164,62,37860.806101
115.959763,18,37863.115238
185.823672,77,37868.541632
181.158117,253,37884.649653
156.774102,39,37888.635843
138.02778,26,37891.77427
226.132146,186,37904.238896
202.148286,73,37909.144935
183.022806,70,37913.502328
185.378962,57,37916.847161
190.236754,64,37921.208671
145.810402,39,37925.082622
179.164656,53,37928.371197
200.611919,81,37933.283589
176.282089,55,37937.537629
161.100756,45,37941.510017
136.985276,32,37943.356596
173.196836,57,37947.270464
127.477576,23,37949.398462
134.999993,27,37950.964501
-42.146418,79,37957.338993
-100.090236,1,37959.427038
-100.054965,1,37961.531305
-100.070722,1,37963.635404
-100.059467,1,37965.711397
-315.510705,80,37972.240874
-107.024597,1,37974.295129
-105.138504,1,37976.379415
165.7067,169,37987.894742
194.789822,59,37993.024544
187.647618,58,37996.517291
-32.705862,144,38004.901277
139.063263,31,38007.263526
109.758471,300,38024.038205
128.722152,22,38025.44235
162.900282,69,38030.547071
190.406789,60,38035.175293
-100.057796,1,38036.247344
-100.424804,1,38037.383032
-100.060622,1,38039.471294
-100.20158,1,38041.559417
203.343774,103,38049.334214
-100.025195,1,38049.891886
-110.774209,10,38050.546505
169.921747,49,38053.4434
-118.947124,38,38057.613722
-100.054594,1,38059.703763
176.061059,6,38062.081533
163.388826,40,38065.837175
-251.46688,5,38068.130158
203.587618,74,38072.644288
4.704182,7,38075.070345
-99.651116,1,38077.162801
124.688792,30,38080.589526
-52.25215,185,38091.034389
207.759463,75,38096.622949
212.68286,82,38102.363215
126.922174,129,38111.581061
135.104522,32,38114.204349
219.052151,73,38120.340878
218.914109,134,38127.926136
273.418762,162,38139.042883
224.116508,49,38143.814329
-99.840792,1,38145.338718
-100.063494,1,38147.425039
210.442431,23,38150.744856
146.903005,39,38155.057434
152.800854,45,38159.637123
-92.269266,9,38162.179336
105.963959,38,38164.696144
203.682924,80,38169.216343
184.449682,183,38181.554311
200.320448,82,38187.826905
133.010138,35,38190.223614
143.128323,148,38199.313038
-99.721803,1,38200.10252
195.468261,64,38205.034057
50.202835,54,38209.224444
52.360773,300,38226.589378
140.343375,29,38230.243382
140.192592,41,38233.2641
163.793718,63,38238.071523
-67.657689,42,38241.152351
98.695408,131,38248.621508
-100.2166,2,38250.760765
-100.117419,2,38252.89244
-100.093514,1,38254.97414
-100.109784,1,38257.056396
-89.264298,31,38260.839709
-100.051857,1,38262.923653
125.121758,290,38281.241895
235.255073,91,38287.647923
213.772979,78,38293.116797
-34.737892,70,38299.053183
-100.050665,1,38301.142962
-100.216701,1,38302.900919
-100.052005,1,38305.011366
-100.230153,1,38307.097991
-100.062837,1,38309.180978
156.690706,15,38312.070414
191.10936,173,38323.962934
228.413662,98,38330.01143
247.12605,101,38336.031527
239.390036,192,38348.851983
-100.061227,1,38350.255258
-100.09818,1,38352.343785
-99.760866,1,38354.418313
151.728407,40,38358.174069
180.956011,51,38363.077316
-153.803278,17,38366.063136
-100.097143,1,38367.892187
214.204449,124,38376.122288
153.176498,56,38381.052194
195.061634,81,38385.824683
-45.690762,74,38390.848832
-100.089521,1,38391.411438
170.131636,52,38395.725997
-103.970404,276,38411.521314
179.6656,60,38415.603922
-97.922815,48,38419.80273
-100.05849,1,38421.892682
-217.419962,1,38423.569796
153.604133,41,38427.236998
-51.753898,224,38440.051875
151.292239,34,38443.357972
99.909158,1,38445.440701
133.064558,43,38449.073888
139.435331,144,38458.009646
199.27798,73,38462.376256
253.020191,111,38470.6806
207.849323,52,38475.0849
100.493199,1,38475.549562
130.624511,25,38477.148538
166.49355,63,38482.34717
-100.546518,102,38488.951504
236.499464,146,38498.112201
203.030457,78,38502.90499
-67.635221,13,38505.677717
209.693482,89,38512.282732
131.11184,26,38515.652266
-99.871454,1,38517.571986
138.568362,46,38520.866742
267.387861,115,38527.518967
151.807287,38,38529.741789
-65.491561,11,38532.380746
155.788803,36,38535.225254
181.011279,56,38540.416185
-41.647787,53,38545.439752
-100.199532,4,38547.695431
163.276987,113,38556.021605
148.752767,50,38560.833385
222.878918,86,38566.615391
194.399699,61,38571.763207
201.227956,146,38581.962245
221.977818,81,38588.560942
133.047707,34,38591.737208
-38.28516,14,38594.553772
200.521893,84,38599.495768
-100.060158,1,38601.184494
163.502864,31,38604.923295
-14.955113,78,38609.376595
-4.175977,1,38611.451519
219.675126,86,38616.715737
143.757357,30,38619.053194
-100.299026,4,38621.073737
119.991324,30,38622.91677
-166.095745,13,38625.680651
-100.092231,1,38627.770354
-100.106123,1,38629.857161
163.212966,51,38634.781584
-0.80007,127,38644.052196
203.726053,69,38648.640276
259.557981,128,38657.859173
200.257372,100,38663.608532
261.471519,120,38670.98315
169.43909,69,38675.235802
172.101046,47,38679.849713
164.077239,52,38683.645895
-144.625334,7,38684.774617
-114.921481,1,38686.835628
-107.939057,1,38688.907314
179.05288,59,38692.668544
-139.255735,34,38696.617527
182.497779,60,38700.702252
171.305013,67,38704.489363
158.897492,52,38709.413855
157.239317,48,38712.41693
130.208808,95,38719.754572
168.512303,83,38725.436248
197.517404,101,38733.113457
-99.91321,1,38734.017898
-118.447062,1,38734.946409
122.897819,22,38736.541166
-100.101406,2,38736.670931
183.354912,53,38740.393651
-100.05983,1,38740.680364
-71.402753,1,38742.77585
134.914917,24,38744.215802
263.984564,50,38749.025787
257.541399,105,38755.986529
-100.086167,1,38756.377761
182.498876,53,38759.669648
263.8588,136,38769.330263
127.816659,108,38777.371784
-66.284749,86,38783.731083
220.184512,87,38788.62929
157.43208,64,38794.095
174.223106,68,38798.119604
206.008137,113,38806.541892
187.980283,82,38811.395273
-79.390395,25,38814.838994
-99.875805,1,38816.586129
-100.07124,1,38818.667349
-99.620393,1,38820.72711
-99.815438,1,38822.792878
224.593999,82,38829.443025
-80.73484,10,38832.031666
-99.652614,1,38834.118665
171.889718,64,38839.713351
237.153898,114,38847.177378
-121.392296,76,38853.474413
-359.177898,2,38854.602377
-103.719888,1,38856.661326
7.193813,300,38874.02127
183.881266,63,38877.848931
153.386154,79,38882.537728
40.552638,51,38887.482502
178.000515,62,38893.036036
67.620427,300,38911.032592
197.905418,69,38916.965315
75.816294,300,38935.798859
-307.221688,2,38936.048262
-100.079441,1,38938.035453
164.446931,74,38944.128854
151.17942,267,38961.686326
162.706039,66,38965.757438
127.892694,35,38967.853361
199.759284,64,38972.475715
-25.35834,114,38979.944334
-100.052406,1,38982.030857
-99.963457,1,38984.118039
-100.051271,1,38986.202866
-100.080486,1,38988.287312
-100.10283,1,38990.373116
229.609857,151,39000.936424
-132.876844,32,39004.744104
140.949342,40,39007.42165
-100.064537,1,39007.703846
-100.086508,1,39009.783383
-100.05904,1,39011.862097
193.341743,64,39017.490798
-64.197618,34,39021.432247
194.144313,67,39026.174827
136.741159,27,39028.578485
236.102485,90,39035.638428
147.326392,58,39040.915919
207.790059,137,39050.61517
-6.194052,300,39068.16615
171.283628,49,39071.003436
225.417233,74,39076.13429
247.378263,118,39084.732244
188.249887,32,39088.529572
-52.916546,1,39088.807134
-11.775524,300,39105.744982
1.406518,81,39111.745988
147.886898,31,39113.571837
-334.781626,2,39115.279204
-100.056308,1,39116.754593
149.936783,47,39120.455356
167.109667,73,39125.813691
210.576442,125,39134.809807
144.670051,153,39143.980551
203.853005,71,39149.346037
-94.882254,5,39150.808539
134.110489,24,39153.236808
-177.166661,1,39153.334571
-100.066243,1,39155.266065
236.662289,170,39164.897229
205.698292,77,39169.35629
252.612652,147,39179.683971
123.25555,16,39182.619809
142.715316,26,39184.691217
222.693939,131,39194.054758
110.812985,20,39196.291808
-99.60506,1,39198.303382
-99.816016,1,39200.358415
184.952773,66,39205.979932
257.458729,104,39213.803952
213.745881,31,39217.568244
177.478643,57,39221.748226
180.170978,22,39225.011597
144.283308,33,39228.034104
-167.987805,12,39230.737827
-100.070293,1,39232.827525
-163.793885,1,39233.333519
-100.066141,1,39235.412245
-100.095481,1,39237.491826
-100.104785,1,39239.580389
128.262533,53,39244.607779
-100.07292,1,39244.774081
-100.054236,1,39245.111791
165.06273,45,39248.580863
-58.765994,89,39253.703681
133.962627,46,39257.503583
-99.749047,1,39257.675858
137.205463,39,39261.140829
144.264282,46,39265.760077
182.337179,61,39271.23509
-87.352651,189,39283.469423
-100.068925,1,39285.557617
-100.093036,1,39287.648197
200.093302,99,39295.378783
132.169586,99,39302.970383
203.647173,76,39307.46705
-100.050566,1,39308.366583
-100.057068,1,39310.456344
-100.09076,1,39311.062887
-100.551988,1,39311.60407
105.990228,7,39312.673282
145.378846,38,39316.862956
207.243776,56,39321.679085
9.838912,300,39339.098735
134.548123,36,39343.167859
158.437625,41,39346.64405
227.735493,82,39351.444984
148.744192,53,39355.525679
-11.031891,300,39372.283113
193.245913,64,39376.636383
249.845716,120,39383.557334
189.875617,65,39387.23007
168.382831,32,39389.463319
157.564542,187,39401.977576
227.435656,82,39408.466465
233.20798,63,39414.023644
169.71161,52,39417.206769
213.1151,47,39421.860518
-99.670108,1,39422.085747
126.031842,39,39425.788655
196.940904,70,39429.979708
158.212942,42,39434.390133
184.068862,71,39440.593241
-99.863405,1,39441.013806
186.742443,59,39445.885582
121.54046,20,39448.303651
238.439882,91,39454.107241
176.820535,53,39459.131581
227.597317,98,39466.470921
163.45085,43,39469.931098
171.096894,78,39476.316891
-138.746121,2,39476.623935
183.596459,54,39480.644265
-58.630041,130,39489.079826
175.316342,70,39494.290107
214.933344,90,39500.152196
180.219798,88,39505.684319
119.814353,21,39507.323266
228.311821,98,39514.881944
154.569331,34,39517.306752
-200.179381,2,39517.503392
212.883395,77,39522.429647
178.622785,51,39525.50422
182.106932,56,39528.684813
194.034074,68,39532.875479
-163.570268,1,39533.986397
-98.977786,23,39535.445536
186.753409,58,39538.85113
159.301372,46,39541.924403
129.869011,23,39543.325276
107.574736,10,39544.390398
159.574161,109,39551.98328
160.949568,46,39556.36279
169.688771,61,39560.268999
146.953244,57,39564.635534
193.20082,65,39568.538338
224.95791,84,39574.39731
220.379954,82,39580.882326
-100.180945,1,39581.950526
177.60796,56,39586.111124
151.645107,144,39594.572111
168.578033,296,39611.542828
-100.130254,3,39613.735236
-1.151149,133,39622.438573
-100.106331,2,39624.579392
-99.780851,1,39626.666251
214.774168,81,39633.214782
-92.985397,54,39637.317066
185.756208,56,39641.792563
277.147248,208,39655.456717
-80.159114,1,39656.632497
176.272048,60,39660.955866
175.35598,65,39666.039531
-99.980645,2,39666.210807
187.176616,65,39670.094963
149.546209,36,39672.945753
-100.518833,1,39673.056964
-100.234723,3,39675.256137
127.891332,27,39677.334611
261.267056,123,39684.662827
-99.742387,1,39684.894154
214.380133,77,39690.619107
202.605699,73,39695.252459
203.225056,105,39703.167864
158.659257,79,39709.629558
116.144062,20,39711.134648
134.932522,29,39714.810279
164.697084,129,39724.060263
160.321156,71,39728.756269
-100.27381,1,39728.872089
-99.908027,1,39730.550954
-100.106489,2,39730.84143
-99.49927,1,39732.912901
-100.054804,1,39734.993267
243.082113,32,39738.832945
173.453966,71,39743.224415
-100.040554,1,39744.043348
187.569514,58,39747.39108
194.522441,183,39757.649548
143.198919,96,39763.870422
196.331499,78,39769.687406
140.549592,72,39775.770454
154.237649,58,39779.114362
133.989251,28,39781.125751
-5.082025,185,39792.357977
-100.0749,1,39794.442859
-99.821791,1,39796.528646
148.183401,42,39800.03291
206.651739,109,39808.18844
146.47679,36,39812.259273
144.868911,31,39816.050147
148.596201,35,39820.062277
-71.166399,26,39823.557548
-100.081916,1,39825.625654
125.246585,17,39828.62848
-145.202881,51,39833.537257
-100.115718,1,39835.646464
215.953239,58,39840.932963
187.600368,58,39845.519205
-257.906103,1,39847.28962
-102.080726,1,39849.34652
-100.225143,1,39851.435348
155.571226,62,39856.916202
129.237372,24,39859.268126
174.128417,76,39865.28809
165.09966,49,39868.35938
174.895755,48,39871.314217
8.863739,300,39889.636152
162.615196,40,39892.368215
181.86182,61,39897.832528
-59.916994,37,39901.951707
141.386167,126,39909.912317
-99.923278,1,39910.177357
-141.523229,1,39910.319264
124.062701,16,39911.303368
235.071956,89,39916.552447
-100.589019,1,39916.681537
146.650294,44,39919.324212
167.714053,48,39922.141611
144.353915,38,39924.874842
146.741946,40,39929.007303
-103.45631,58,39932.400735
185.780111,64,39937.774471
-100.116766,1,39938.729148
-100.081577,1,39940.835236
-100.071153,1,39942.923246
223.282848,89,39949.985412
-99.944017,1,39952.113539
195.487982,69,39957.987543
227.633643,153,39967.353569
-100.142456,1,39967.462718
143.336043,31,39970.7859
207.37431,79,39976.248193
225.58237,177,39988.340215
-127.177738,22,39991.647485
-100.089683,1,39991.902996
-99.739495,1,39992.637577
114.996123,17,39994.670901
56.923566,300,40012.681584
267.855572,113,40019.300189
206.112219,70,40023.315618
178.138594,101,40030.963954
163.537442,51,40034.318877
13.777834,67,40040.106174
171.403246,81,40045.472434
123.431153,24,40048.866226
-54.953981,132,40058.305431
-59.784539,87,40064.010046
178.830065,58,40067.592449
-99.664449,1,40067.929912
-99.98711,1,40070.030647
955.254671,65,40074.128487
169.19878,44,40076.759052
-144.785037,1,40077.074752
198.008678,72,40081.192093
196.429958,67,40085.300812
246.533185,101,40091.005256
135.752773,29,40092.836077
176.245804,55,40096.792505
102.517601,7,40098.199242
258.395047,104,40104.731924
198.81632,69,40108.862756
171.099854,66,40114.604595
106.994174,13,40115.386142
193.349642,72,40121.274737
228.85673,87,40127.542277
157.69147,41,40131.01645
166.360591,47,40133.756165
-100.059655,1,40134.15032
-89.919475,7,40135.049946
226.387594,93,40140.404322
164.099742,50,40143.925601
204.442227,86,40149.008826
230.568039,89,40156.005705
226.857951,88,40161.303525
-99.675443,1,40161.471918
184.170103,58,40165.044511
19.306572,300,40182.940942
-100.468184,6,40185.303238
157.745427,54,40190.352855
229.889674,28,40193.957449
137.880141,31,40197.15181
192.807603,84,40202.448822
182.013719,72,40207.430731
184.686523,66,40212.0408
226.196717,96,40219.487867
200.576615,74,40224.457525
135.604098,28,40226.129354
192.259174,66,40231.566205
267.5,171,40243.202112
193.022505,61,40246.939692
202.688763,38,40251.095024
217.388158,90,40256.729883
-87.828493,17,40259.707307
130.504324,22,40261.666836
-139.321188,54,40266.72919
196.00387,64,40270.348855
157.185861,39,40273.198062
-33.138825,54,40278.275213
206.082899,97,40284.565546
118.876608,39,40288.813171
201.757458,102,40296.538562
175.458648,48,40301.234444
-252.155663,1,40302.107553
-100.046181,1,40302.679605
154.633151,42,40305.584288
244.30339,117,40314.186551
116.1943,16,40316.992582
202.532611,73,40322.074179
192.862855,68,40326.602268
185.067457,46,40331.194312
143.422219,71,40337.19365
183.967325,58,40341.427222
194.175106,99,40349.018701
139.723921,27,40352.050213
173.593062,90,40357.975956
44.043401,300,40376.986859
164.261059,49,40380.6215
221.366375,257,40395.143125
234.01528,105,40401.329792
229.931773,91,40406.51718
-100.057095,1,40407.588061
193.849508,80,40412.507052
141.056395,28,40415.925467
156.446876,57,40420.174439
167.734451,60,40424.140519
169.885507,46,40426.877085
223.357024,84,40433.58964
174.285552,104,40441.440909
-100.061572,1,40442.340474
-86.554996,11,40444.317733
125.751281,35,40446.662264
194.732264,142,40455.706713
103.691807,3,40457.003322
210.267357,75,40461.521743
-12.32255,300,40479.413393
217.059146,83,40485.013238
231.979948,87,40491.901607
264.494738,15,40494.776746
162.867777,48,40498.415207
-80.470155,61,40502.27827
175.371712,67,40506.368177
152.83543,36,40510.185836
164.404645,40,40514.28017
-100.201529,1,40514.448312
172.96505,52,40517.647178
162.650001,51,40521.789105
150.996784,59,40525.752844
240.525826,109,40532.288807
242.813427,91,40538.554971
154.077757,74,40542.740879
134.930259,42,40545.876956
144.046406,42,40549.686343
177.003016,55,40553.033022
232.481217,96,40559.614955
159.95856,37,40562.015964
254.163136,44,40564.793741
209.351954,77,40570.358045
-7.069349,1,40571.484713
146.069121,33,40573.913088
139.23717,28,40576.031243
-28.100996,300,40594.165716
228.67539,93,40599.414683
121.972976,35,40601.989239
109.577339,7,40602.667792
156.37564,138,40612.429049
145.147013,48,40616.728418
178.64499,61,40621.476796
215.000926,90,40627.019001
146.908691,37,40630.826097
200.878482,79,40637.291986
275.696809,54,40642.341222
112.00031,11,40644.192675
156.752855,72,40649.547307
18.560645,300,40666.519148
-99.048176,4,40668.781596
-99.140358,21,40671.249546
-99.380799,1,40673.336935
252.446055,121,40682.213764
195.060247,206,40695.78859
-154.61644,14,40698.61681
177.082681,60,40702.742449
-41.29969,218,40717.008663
-100.485186,1,40719.106586
201.11369,84,40723.849509
-40.153437,41,40728.194294
137.538744,37,40731.440417
-99.959594,1,40732.399822
3.993975,84,40738.564536
-100.080117,1,40740.650856
-100.058078,1,40742.75577
-100.066988,1,40743.717243
-67.568488,141,40753.218941
134.917359,25,40756.254139
148.711931,32,40759.001968
127.652213,19,40760.459112
179.93111,53,40765.171223
111.340423,10,40766.29161
-63.332901,34,40770.231492
157.292564,42,40773.469769
106.006348,75,40779.66227
223.388268,84,40785.299485
182.899205,57,40790.223664
135.120632,59,40795.543106
138.186184,27,40797.106242
-174.947716,2,40799.250948
-99.741376,1,40799.598434
2.88503,300,40816.994892
121.177435,20,40819.512895
182.587425,127,40828.660298
307.421214,89,40835.669138
149.488788,42,40839.081869
162.796924,42,40843.172733
204.515957,88,40848.138231
-85.130376,9,40850.671051
138.462532,41,40853.126928
127.004576,38,40856.991425
-80.520875,20,40859.173915
143.077024,33,40862.018237
164.83211,52,40866.257727
-34.746648,64,40870.550033
-100.106805,1,40872.636969
-100.068574,1,40874.725364
191.529698,102,40882.488992
219.856035,78,40887.17072
43.622092,1,40889.255539
-99.761675,1,40891.346322
210.231521,98,40898.85045
169.899881,48,40901.864993
-100.102199,1,40902.086772
-99.947767,1,40904.198583
-100.09046,1,40906.270523
-100.111326,1,40908.367111
134.929812,120,40917.128275
180.500394,98,40922.862201
171.450278,69,40928.794123
169.296058,69,40934.671605
144.334095,36,40937.858779
159.600036,44,40941.426637
178.156397,53,40945.153705
152.359568,45,40949.717991
15.915209,8,40952.20016
250.45437,108,40959.949317
-122.56666,13,40962.713259
182.194665,60,40966.446171
126.266047,31,40968.626801
204.748132,72,40972.978094
-98.455048,2,40974.159197
147.628262,33,40977.020536
203.467342,88,40984.146978
133.677703,30,40986.244501
-99.799331,1,40986.358241
-92.086656,35,40988.509091
142.709155,29,40990.212504
-100.32531,1,40990.326624
175.753327,56,40994.35372
212.596859,58,40998.430819
219.100361,91,41003.864019
-58.853922,69,41008.363588
-99.737147,1,41010.451971
194.459725,35,41014.469838
33.051813,300,41031.663669
-18.065448,300,41049.219686
-100.055375,1,41050.062098
-100.062583,1,41050.375293
160.801985,58,41054.427517
225.864568,96,41059.8406
174.777905,54,41064.371317
-99.753029,1,41064.490244
-5.552674,300,41081.723288
-51.974743,97,41087.235772
-99.603122,1,41087.461065
160.058475,43,41090.7422
203.339098,70,41095.151378
243.985381,100,41102.641852
238.412888,84,41109.355096
118.252961,16,41110.536068
246.446699,108,41117.511487
196.060326,105,41125.062644
175.177051,49,41129.004375
173.912237,66,41134.746135
173.996525,73,41139.07443
110.27389,37,41141.376653
214.1778,34,41143.751358
171.606585,61,41147.365832
-100.021408,1,41147.5915
165.858911,44,41150.249871
156.912312,50,41153.137488
147.825295,34,41155.743548
162.106611,142,41163.987359
153.856566,49,41166.80553
-100.082542,1,41167.47752
109.69955,16,41170.409823
157.221271,41,41173.12255
-74.968139,124,41180.494658
200.94446,61,41184.093704
204.79017,68,41188.831206
148.294146,36,41191.029213
152.47689,49,41194.304038
152.308036,40,41196.618579
101.519901,7,41197.071514
-99.759811,1,41197.757726
160.537584,40,41201.053575
133.127425,35,41203.488045
232.694942,101,41210.719594
178.039495,54,41213.825393
-61.711004,162,41223.304284
214.943829,74,41228.109664
200.327355,71,41232.343139
-100.042745,1,41232.926475
163.569129,44,41235.944078
-57.919575,300,41255.119365
123.75885,37,41257.31665
136.534139,37,41259.927373
215.854063,72,41264.044713
-71.855518,1,41264.258736
199.611243,101,41270.066578
185.697189,61,41273.964766
199.853403,89,41279.336246
215.34055,78,41284.658376
206.470447,148,41294.22086
-100.141303,1,41294.449347
188.75888,61,41298.645477
130.588797,28,41300.395239
113.684551,15,41302.154901
203.183065,74,41307.473101
170.769415,48,41310.584962
148.598427,73,41314.813401
257.506474,102,41321.310826
108.070451,6,41322.10448
128.953069,20,41323.403379
178.532483,53,41326.968658
170.365604,48,41330.041803
133.796615,31,41332.667413
134.322847,115,41339.893819
190.9582,62,41343.867562
192.176072,65,41347.806927
-88.256527,208,41359.901535
243.864602,100,41365.954843
125.77546,300,41383.353584
132.037646,24,41384.883639
-98.89331,11,41385.975109
162.083134,40,41388.495027
149.892742,52,41392.311063
174.911273,47,41395.501101
179.517548,62,41399.462674
-118.017874,1,41399.63126
214.31949,115,41406.255777
-100.277319,1,41406.597805
-79.958892,142,41414.848416
57.6693,300,41433.164226
175.426608,51,41436.222301
-99.857764,1,41436.743381
151.639349,51,41440.294891
163.82788,44,41442.844653
209.548637,72,41447.09346
138.18959,24,41448.507609
230.880361,89,41453.571482
-31.35934,82,41458.497971
-39.955671,85,41463.406309
-100.066228,1,41464.33147
120.042426,20,41465.904569
188.257652,61,41469.653378
-97.12393,66,41473.486699
177.967946,59,41477.552327
83.858486,300,41494.792771
-100.082379,1,41495.272435
-76.457522,28,41498.141436
121.744057,33,41500.402215
183.821761,111,41507.288914
-100.076771,1,41507.913889
236.194861,107,41516.043576
-5.097556,15,41518.933581
220.582775,116,41525.629469
-66.307976,88,41532.634626
-100.211131,4,41533.02488
260.652621,109,41539.885567
229.857117,103,41547.016608
143.419107,35,41550.382036
183.12978,62,41554.399862
243.550177,95,41561.107554
294.087497,57,41566.319578
-100.061739,1,41567.72698
-100.106265,1,41569.818882
-99.560716,1,41571.908726
-100.094595,1,41573.99925
188.757654,56,41577.686255
191.29365,58,41581.479733
175.816178,65,41585.998359
150.50866,34,41589.960914
104.644858,39,41594.176098
194.102545,139,41603.996867
-78.60106,64,41609.252206
170.490649,46,41613.732229
195.366391,64,41618.480771
250.790231,99,41624.902486
212.118683,84,41630.318349
-62.790061,32,41634.131439
191.854976,73,41638.256213
220.974738,77,41642.612855
233.969877,116,41649.16199
211.532258,98,41656.659723
142.407267,56,41660.10473
111.376658,21,41663.316344
-150.872172,11,41665.975215
141.234619,37,41669.557743
157.879755,78,41676.08856
240.494844,104,41682.137966
295.182464,86,41688.961665
-104.042926,56,41693.191209
-100.091128,1,41695.272372
193.450929,114,41703.805288
257.850854,76,41708.394439
-100.102204,1,41708.572612
217.543748,79,41713.918385
205.008979,78,41718.475477
178.1956,61,41722.486265
183.106274,63,41728.1251
144.731968,37,41730.302325
214.76813,76,41735.297352
169.310327,49,41738.421429
182.705423,56,41742.221457
179.835699,100,41747.944793
181.89677,55,41751.219532
127.151479,30,41754.75148
230.661043,84,41761.344397
126.471143,32,41764.24086
-104.229322,2,41765.161975
137.480773,25,41767.27346
220.022931,82,41773.06132
145.767985,34,41775.050082
-100.134154,1,41775.50473
-99.91721,1,41776.325921
122.443041,24,41778.149923
77.30007,300,41795.228884
-97.874698,1,41795.605053
133.105733,26,41797.546355
122.213786,19,41798.915802
171.67733,52,41803.633775
198.626571,68,41807.8282
128.080831,47,41811.523713
209.703332,93,41817.20912
138.20115,28,41818.964211
149.51296,36,41821.115699
235.937428,36,41823.669569
-81.992151,35,41826.456418
164.041987,54,41830.371188
207.942173,74,41835.3027
204.67034,68,41840.011072
-99.439175,1,41840.181623
169.337738,58,41844.209787
215.700583,81,41848.852295
-76.249858,46,41851.515294
-100.079518,1,41851.743711
129.640755,20,41853.050117
-16.925966,300,41870.175334
-100.055501,1,41870.299273
182.094765,63,41874.183116
154.789959,38,41877.135065
181.926755,57,41880.426658
187.547277,67,41884.275954
-79.084445,31,41886.950956
-84.519117,19,41888.199128
187.871978,73,41892.509436
141.753847,34,41894.605353
169.872637,206,41906.588347
-190.327085,80,41913.10911
184.573235,60,41916.792111
213.166809,90,41922.490592
239.595151,93,41929.230314
254.442164,85,41936.071277
163.321725,47,41938.844587
145.097985,59,41942.395211
138.207777,65,41946.917806
-69.814704,1,41947.715376
180.322155,21,41949.710051
166.608396,64,41953.498837
193.785436,73,41958.047979
-85.300349,2,41958.425234
238.719015,94,41963.9944
161.937,45,41966.998093
125.7247,52,41971.96839
218.026197,86,41978.780838
-202.015959,29,41982.434025
167.896778,46,41985.090692
153.012657,41,41987.752276
160.209743,80,41992.926195
0.53216,300,42009.864069
196.97901,63,42013.600747
136.677685,28,42017.252751
132.612827,33,42019.514974
203.210359,73,42024.083597
190.155059,58,42027.860216
192.528571,75,42032.376315
176.706288,61,42036.044796
207.954803,18,42039.125402
-99.860344,1,42039.808126
-99.506085,1,42041.871763
-100.496032,1,42042.233289
104.56108,9,42043.315836
200.006458,69,42047.498268
177.263968,78,42052.750499
111.10262,43,42055.34661
188.407448,75,42059.638476
17.838398,300,42076.706949
236.237923,94,42082.584211
172.886026,79,42087.464984
-100.127295,1,42088.154999
126.630467,34,42090.208716
160.497639,32,42092.953649
157.04177,42,42095.699563
-100.111237,1,42095.897218
138.803565,28,42097.801581
-100.044634,1,42098.546984
-44.134219,123,42104.882486
137.434559,25,42106.631127
228.620467,117,42114.635324
-234.393372,64,42117.662099
170.739141,50,42120.575431
143.969569,52,42123.768413
-144.130773,1,42123.923269
152.306178,50,42126.860798
157.747555,40,42129.197515
-86.990769,1,42129.402048
128.235098,25,42131.637596
103.979999,10,42132.324047
239.139925,89,42137.556161
-100.072255,1,42137.903942
190.882776,66,42143.558754
197.642023,67,42147.836533
235.245542,110,42155.066802
132.75861,30,42157.291218
239.264632,58,42161.399842
160.592869,59,42165.100135
38.029107,300,42182.526686
220.401344,93,42187.877755
160.5913,46,42191.096111
-100.056374,1,42192.40515
154.239161,59,42196.254993
-68.15482,106,42202.684531
183.730151,72,42207.364437
148.991617,39,42209.61741
155.560032,38,42212.734376
248.826317,147,42221.486891
-48.90889,75,42225.882001
-100.096878,1,42226.240715
-100.107641,1,42226.415579
-99.394639,1,42227.79704
200.194484,70,42232.082286
-100.104407,1,42233.335786
169.235995,48,42236.296133
153.388263,81,42242.917567
-100.169242,3,42243.259065
-100.526063,1,42243.549954
103.858306,4,42243.834623
115.680135,13,42245.434874
195.225224,67,42249.833084
-106.44173,13,42252.597357
-100.095888,1,42254.670913
20.927551,300,42273.492943
212.127769,94,42278.845845
175.953128,59,42283.425446
301.716931,97,42290.888733
-100.20169,1,42291.40463
163.480514,43,42294.664978
178.464582,60,42299.814137
-59.352444,13,42302.571433
182.867031,62,42307.892483
180.094882,55,42312.362726
147.693686,53,42315.526044
-99.977481,1,42316.495288
173.352792,63,42321.062897
229.473695,82,42325.841604
201.319914,85,42330.851422
238.678314,115,42338.347055
238.015182,89,42343.574122
201.784325,87,42348.544682
-100.061079,1,42349.910674
176.950112,70,42354.505218
167.869069,54,42358.387414
195.944797,70,42362.519704
-11.459052,83,42368.641349
179.753386,53,42371.855428
116.332546,11,42372.536721
-88.830843,101,42379.661181
142.01207,37,42381.978938
-13.157088,5,42382.601873
211.220088,76,42387.126735
-5.196498,142,42395.726542
163.411482,58,42399.51822
142.955765,28,42403.134221
125.678046,22,42405.445988
218.824893,96,42411.107396
25.323952,1,42411.791688
210.518772,72,42415.972405
107.847664,6,42416.596184
-93.088233,22,42418.23309
238.401511,43,42421.586507
149.333759,105,42429.569571
181.108071,56,42433.063074
140.878736,25,42434.819696
192.458646,60,42438.54061
-100.000751,1,42438.960502
224.60709,87,42444.081568
235.35064,41,42446.654096
-132.187505,5,42448.956225
-100.08329,1,42451.050315
211.10347,113,42459.123761
182.421517,62,42463.589099
162.123864,53,42467.775929
202.385672,76,42472.262755
127.119316,209,42484.249701
-99.646319,1,42484.593035
-99.727178,1,42485.280455
120.117406,20,42486.524097
173.902785,62,42490.313657
-67.885129,199,42501.696995
-2.96562,90,42507.357997
205.951778,70,42511.953051
145.203726,96,42519.116429
211.172156,92,42524.974399
260.998507,90,42532.039263
222.900025,100,42538.359247
196.640965,51,42543.228461
138.045655,105,42551.126461
159.607792,46,42554.704992
-100.087549,1,42556.788138
-100.057416,1,42558.878471
137.193746,223,42573.336614
-100.061469,1,42575.251851
-100.07332,1,42577.338817
219.942051,104,42584.268089
-190.502542,1,42584.353551
-9.079273,79,42588.981551
-100.061817,1,42590.21876
-99.595333,1,42592.295704
-37.739385,48,42597.041568
99.894523,1,42598.798867
-276.994394,19,42601.872287
114.982205,15,42603.014847
236.189296,95,42609.667586
267.948297,89,42616.682276
105.151288,7,42619.04322
221.920893,113,42627.402151
206.199227,85,42632.287711
235.406791,99,42638.818763
-52.961093,73,42643.161943
182.317576,56,42646.458382
-100.063973,1,42646.629427
192.973649,68,42651.173182
128.101484,20,42652.479078
213.226569,93,42658.095568
192.113304,62,42663.650388
182.401876,80,42668.713281
110.202167,16,42671.474848
-51.727933,153,42680.88225
121.820763,20,42682.081896
102.014604,10,42682.768461
167.593705,51,42685.789254
260.297997,105,42691.926594
157.391206,54,42696.376643
206.035189,49,42701.176882
164.750779,46,42704.2259
164.592851,42,42707.353734
243.034003,98,42713.14841
174.102206,46,42715.813541
-27.657452,85,42721.503411
124.695873,25,42722.986804
225.203923,93,42728.390083
230.801735,135,42736.526284
198.752885,76,42741.249473
215.991983,75,42746.77986
-100.080396,1,42746.950663
162.11935,19,42749.053332
-75.158841,86,42754.304109
142.683787,155,42764.200498
141.968539,50,42767.328302
155.292318,35,42769.370308
129.945388,24,42771.018335
-100.05299,1,42771.368066
-18.593997,300,42789.388508
181.959558,105,42795.564829
222.787678,104,42802.859348
207.516632,69,42806.880386
-99.590256,1,42807.909512
-22.764614,87,42813.198932
135.464086,46,42816.097872
157.684477,52,42819.755084
-6.971958,300,42837.030905
109.972858,81,42842.045619
223.433854,125,42851.054405
22.996349,300,42868.824574
259.293076,35,42871.377765
252.771471,80,42875.954544
202.607638,69,42880.137529
230.694113,89,42885.841889
191.497962,60,42889.293531
171.623042,56,42893.999046
174.03405,46,42897.337002
-100.070135,1,42897.943453
209.656744,82,42903.301141
-49.242555,66,42907.605422
133.401785,25,42909.323162
-100.370001,1,42909.699371
235.728209,86,42915.05443
173.9443,46,42917.963249
210.264993,77,42922.798718
106.478787,13,42923.738248
236.1029,89,42929.426461
140.758526,38,42932.170571
-87.013446,266,42949.080118
-100.366535,1,42949.39072
208.042741,78,42954.461387
-100.035376,1,42954.641493
-78.900963,239,42970.027447
233.757237,101,42976.477324
230.862919,95,42982.605981
215.412721,102,42989.105999
140.630579,32,42991.221896
138.992419,34,42993.462192
197.502161,75,42998.218249
-189.109853,1,42998.310598
-100.014857,1,42998.558299
216.192306,93,43004.318636
141.446837,33,43006.612532
168.638019,98,43012.531278
171.389976,56,43015.9838
214.511995,75,43020.600875
-100.0595,1,43020.834653
-212.888974,1,43020.939739
-100.545492,4,43021.512582
161.48834,60,43025.151064
-100.06729,1,43025.323532
195.77556,86,43030.601536
245.065165,104,43037.271168
214.32841,72,43042.069361
211.4978,82,43047.399634
163.564793,41,43050.095878
186.084757,84,43055.508789
147.112595,38,43058.110114
201.212893,101,43064.928828
254.193934,60,43068.842722
147.871201,58,43072.667334
151.934782,42,43075.442549
113.59349,17,43076.71426
238.057063,87,43082.392694
209.297476,71,43087.006461
125.100418,20,43088.54471
191.943821,70,43093.324666
94.38609,56,43096.97655
141.196313,36,43099.315809
184.417152,53,43102.812612
93.513784,300,43122.05522
152.311107,49,43125.251785
228.657476,96,43131.554193
121.230193,19,43132.939722
164.907601,41,43135.646187
193.190938,63,43139.842397
171.74308,57,43143.654619
216.312087,82,43149.038154
224.144505,78,43154.216135
193.400813,80,43159.428689
137.07646,28,43161.37142
250.986165,105,43168.160076
218.460832,86,43173.753795
190.987683,110,43180.80267
-100.436018,1,43180.931283
149.629231,60,43184.891182
-100.116397,1,43185.082905
147.453347,35,43187.367097
-97.98249,1,43187.601136
150.585578,52,43191.081307
145.896811,38,43193.833485
-99.947972,1,43194.057263
-170.794494,1,43194.172748
239.206382,103,43201.068156
-100.082001,1,43201.197341
190.123118,57,43204.897044
203.603788,74,43209.81749
212.78281,78,43214.948829
131.903009,62,43218.999663
208.950097,80,43224.181223
183.018788,52,43227.616404
157.399052,36,43230.019475
-83.181235,50,43233.399342
158.776649,58,43237.20091
156.956927,50,43240.588986
104.236654,14,43241.912483
249.911094,125,43249.168485
176.17798,67,43253.117987
153.348812,34,43255.139058
233.752588,94,43261.747693
229.568075,92,43268.785308
166.294105,42,43272.43639
126.904403,51,43275.86537
3.075735,110,43282.137615
192.207425,69,43286.149321
128.076539,21,43287.391634
136.049854,61,43290.887471
-40.048595,94,43296.226606
197.061359,76,43301.681818
201.610035,68,43305.757233
163.127461,142,43313.819104
153.694357,36,43316.768774
-88.861341,12,43317.727238
127.819508,19,43319.428558
207.226763,84,43325.114908
162.839445,47,43328.160931
181.810487,110,43335.434325
207.69862,74,43340.117471
-51.553383,49,43343.255256
-100.053987,1,43343.434812
164.441243,52,43346.979191
139.672661,25,43348.83598
152.720112,64,43353.154469
157.293869,97,43359.396919
143.756553,29,43361.260315
175.121877,47,43364.252068
147.179978,39,43366.838953
-100.040118,1,43367.020284
144.000952,33,43369.162547
-100.105978,2,43369.419816
142.742771,39,43372.05228
234.281093,107,43378.790755
178.873275,49,43382.13411
200.378813,65,43386.125066
164.695293,50,43389.378207
182.824716,77,43394.27892
189.748159,60,43398.08422
140.208875,40,43400.703356
135.805129,36,43403.070177
-100.050211,1,43403.607523
119.827996,17,43404.646123
199.931487,66,43408.847556
188.497023,64,43412.779613
-123.153337,1,43412.940875
-100.159377,1,43413.181978
122.303853,23,43414.705267
101.617677,300,43433.054096
238.330969,109,43440.42145
201.254208,73,43444.979532
-100.05696,1,43445.110198
39.179251,300,43463.759186
131.567306,26,43466.099931
201.368177,73,43471.195222
193.687261,67,43475.962598
-100.167174,3,43476.702349
-196.376591,1,43476.85872
170.92851,58,43480.36421
205.793269,73,43485.762141
162.294227,41,43488.35985
227.473695,92,43494.100086
164.220953,51,43497.667921
207.94522,67,43502.126105
181.817902,61,43506.425825
203.836675,96,43512.665836
-100.053797,1,43512.853568
-100.087167,1,43512.988079
212.196473,88,43518.644813
172.40471,48,43521.755314
192.497835,88,43527.375284
143.033177,32,43529.438772
-48.593488,66,43533.849615
-100.058481,1,43534.034728
-100.433072,1,43534.308426
138.783756,63,43538.315888
109.003021,14,43539.404019
-90.577374,12,43540.224571
200.27457,77,43545.299564
208.657423,75,43550.35723
-22.571518,79,43555.198279
-100.083022,1,43557.28399
122.623238,22,43559.36309
128.651357,21,43561.27157
-99.599818,1,43561.833441
-100.091128,1,43563.920544
-99.889092,1,43566.007792
-100.092776,1,43568.095662
119.536806,86,43574.943937
190.066764,68,43580.78353
-35.01743,1,43581.916997
133.353424,26,43584.267398
-99.896992,1,43584.619838
153.430777,42,43587.125934
-199.668482,1,43587.560418
222.517825,79,43593.503574
227.609119,99,43599.498288
-100.363165,1,43599.724905
190.090225,70,43603.985347
140.039039,84,43609.987606
88.432534,300,43629.320614
219.630017,87,43635.400485
148.726923,95,43641.645
180.387603,53,43645.683141
236.427896,106,43651.792594
117.276002,17,43653.601378
111.83455,15,43654.620066
144.465503,42,43657.33455
172.490976,46,43660.101691
149.249649,38,43662.414878
-96.403117,12,43664.05758
-100.14431,1,43664.232149
240.157909,96,43671.042206
-100.176482,1,43671.15531
176.972004,49,43674.11617
-97.245275,12,43674.843706
185.010188,72,43678.945683
115.82193,22,43680.25741
138.651708,33,43682.292703
-212.929125,1,43682.435598
-14.177978,300,43699.403569
5.031223,55,43704.545434
-100.051909,1,43706.629072
167.79439,48,43710.380975
216.743228,93,43715.848002
-48.352101,84,43722.598103
-99.714865,1,43724.687733
-91.024771,8,43727.172077
152.409518,102,43734.941035
195.534561,61,43739.695956
196.103178,64,43743.433278
170.798681,68,43749.300919
127.23664,25,43752.739521
166.370982,68,43758.56184
177.707669,62,43763.547255
164.243525,42,43765.989376
216.261383,91,43771.374737
205.110342,128,43780.692466
175.180586,69,43784.88379
-99.607319,1,43785.061369
155.19423,50,43788.321687
198.318456,74,43792.656307
79.196405,300,43809.474536
-83.864461,37,43813.527498
215.532967,79,43818.415931
133.445872,33,43820.449574
104.479573,6,43821.934763
157.23734,43,43824.42695
241.265387,93,43829.751981
138.957633,99,43835.476491
197.404698,77,43841.634477
148.226196,58,43846.927423
230.546632,145,43857.114465
168.949805,51,43861.252691
146.017551,32,43865.088629
37.938429,74,43871.298264
-100.344769,1,43871.413622
228.806622,87,43876.621055
-93.766302,3,43876.799895
217.333148,92,43883.522421
140.000961,47,43886.431776
184.624947,57,43890.286642
179.348432,100,43896.471264
158.019759,45,43901.047137
274.670406,81,43907.685936
-66.244976,13,43909.459345
118.990993,18,43910.575951
190.324553,61,43914.337709
211.307519,83,43919.026326
229.197455,80,43925.532841
149.731252,46,43929.849872
-100.092131,1,43931.144994
-100.106988,1,43933.233882
-100.083925,1,43935.32222
-100.135931,1,43937.411961
-100.091241,1,43939.499599
191.46508,128,43948.681124
150.265348,14,43950.813347
239.388987,157,43961.657181
-18.12537,300,43978.704468
201.707427,67,43982.761786
184.885338,74,43988.965534
-40.300899,69,43994.877879
-100.097313,1,43996.962755
-100.108704,1,43999.049958
186.328097,56,44004.250237
153.215033,37,44008.368093
-122.071767,86,44015.240252
-99.531816,1,44017.373051
131.662415,80,44023.897436
161.442375,40,44028.180496
119.912247,26,44031.685959
146.816363,31,44035.470309
128.832018,19,44038.570955
165.720317,95,44043.910715
30.145006,26,44046.76738
169.364998,48,44049.498295
203.694107,110,44057.688276
167.570793,198,44069.373251
-31.157638,21,44072.725545
-76.825825,28,44074.645081
201.623804,70,44080.582822
160.078625,52,44083.540412
185.584701,70,44088.119644
166.816478,44,44091.19108
-7.832994,300,44108.671166
211.889252,110,44116.835708
200.393774,67,44120.623109
222.716887,80,44127.171449
188.124529,109,44135.299574
116.567238,15,44136.187095
-35.259012,110,44144.348547
278.444111,125,44151.919529
204.042841,73,44158.058273
238.899627,87,44164.653947
145.955523,35,44168.623604
246.440041,64,44174.243523
-47.921924,31,44177.989519
229.031593,84,44184.694042
-100.083356,1,44186.550407
-99.591762,1,44188.632512
248.53057,156,44199.403422
178.198494,70,44205.005543
-99.923607,1,44205.310743
-100.078018,1,44205.655166
-100.157948,1,44206.904935
272.035883,116,44214.769332
184.749011,87,44221.645098
141.658602,27,44223.303682
103.000211,3,44225.49423
-100.235156,4,44225.88577
217.020225,118,44234.45918
163.343881,89,44240.011892
211.83442,83,44244.836199
121.144667,48,44248.184073
163.92798,43,44251.670322
241.39045,77,44258.035905
-70.047672,18,44261.098499
121.399511,26,44262.682042
222.776802,78,44267.165073
189.142562,82,44272.75521
-102.771325,1,44273.036408
159.382515,66,44278.509073
104.854229,4,44280.77123
142.47063,59,44286.095348
-73.219907,132,44295.506622
-8.916268,300,44312.964867
1.297868,52,44315.912937
-99.76102,1,44318.00093
-169.106,2,44318.76108
111.112183,8,44319.301901
-100.074365,1,44320.094118
153.88595,42,44324.508358
153.278697,41,44328.836727
191.23408,61,44332.62905
18.88725,65,44338.285159
-100.104848,1,44340.367598
-100.088172,1,44342.450264
233.145111,147,44352.708248
141.629759,31,44356.480612
180.020751,29,44360.151294
135.353468,24,44363.540275
-82.298197,21,44366.766493
164.252285,42,44370.802595
168.672727,46,44373.590861
213.035452,96,44380.341792
168.842431,58,44385.632157
-100.129383,1,44387.707358
-100.069227,1,44389.810696
131.019379,21,44393.052229
127.546351,19,44396.145689
242.972523,149,44406.792763
-100.059029,1,44408.26297
115.908247,17,44410.295739
191.277162,64,44415.406596
124.716939,25,44417.539923
197.438554,75,44422.072634
177.916614,126,44431.185678
153.086347,38,44434.051271
201.522393,64,44437.689237
-91.469339,1,44438.652297
-99.597227,1,44439.899353
166.398776,82,44444.547646
231.431662,91,44449.924375
205.961709,65,44454.180943
217.124604,103,44460.965636
-28.70734,117,44467.966168
167.843071,59,44472.924724
159.500176,42,44477.324649
212.806401,111,44484.385661
165.961621,105,44492.304145
139.202345,27,44493.927289
188.832018,64,44498.346182
-100.057291,1,44499.023751
145.500201,32,44502.009375
220.531323,85,44507.203136
-99.806772,1,44508.005924
-60.46919,38,44511.160435
149.745867,48,44514.720218
177.350419,59,44518.115337
249.294379,82,44524.771432
136.771048,31,44526.781833
195.357393,67,44531.132303
166.003484,51,44534.325655
130.559414,69,44540.227786
267.17725,128,44548.546587
142.875017,34,44550.623422
204.468899,37,44554.719761
-99.261986,1,44554.833696
-100.17249,1,44555.142125
-99.561204,1,44555.632676
184.835164,65,44559.890273
-18.515957,300,44578.416943
217.30127,91,44585.193351
164.577228,49,44588.751991
-100.159165,1,44589.59187
157.580697,41,44591.930586
-173.67128,4,44592.544665
179.205417,145,44600.833346
195.557431,107,44607.251629
-99.675471,1,44607.649045
214.527536,90,44612.774365
-100.08173,1,44614.392037
-100.163368,1,44616.467127
-68.062219,112,44623.39211
181.669761,130,44631.577315
148.969673,67,44635.755665
-100.091214,1,44637.343303
181.116197,117,44644.277115
-47.153578,144,44652.580638
219.573324,79,44658.735287
-88.600818,41,44663.084526
232.436457,83,44669.694943
181.520815,58,44673.200831
151.616936,35,44675.267509
272.685087,119,44683.410869
130.509498,21,44684.980803
157.916056,110,44693.427071
-100.001441,1,44693.546812
230.49562,85,44698.513077
-15.497735,300,44715.994717
-17.823016,300,44732.883993
-119.265398,1,44733.510535
169.502926,68,44737.756881
158.108479,80,44744.310219
150.952178,47,44747.301783
124.283815,20,44749.099235
-100.102782,1,44749.664835
-43.080142,300,44767.260858
154.837117,37,44769.677702
159.912935,39,44772.032102
158.869992,46,44775.118854
42.155984,98,44782.662074
245.81748,107,44788.994117
187.362041,60,44793.145041
158.368946,37,44795.440977
155.14966,39,44799.213349
213.064544,76,44803.671753
153.960825,35,44805.756403
116.757511,13,44807.001689
253.068399,106,44813.034938
131.67173,22,44814.559278
204.835924,42,44817.843394
173.554166,77,44822.634096
199.63721,76,44827.322869
242.102437,96,44833.026786
130.109262,24,44834.615158
170.443493,35,44838.539906
203.133266,75,44843.141919
196.101374,81,44848.252363
-100.26111,1,44848.608761
-100.161784,2,44850.280694
-100.108195,1,44852.365197
-100.078573,1,44854.452411
-100.097174,1,44856.539315
173.277944,27,44859.881785
211.090379,81,44864.505125
152.495384,39,44866.759976
-88.570213,186,44877.638435
172.049209,73,44883.434797
179.91994,52,44887.07596
187.887913,62,44891.922122
142.785306,34,44894.141474
-100.365603,17,44896.36746
201.82494,78,44901.488669
-100.063221,1,44902.291936
219.002094,94,44907.927677
143.792924,49,44910.866065
166.942762,58,44914.475849
120.86225,23,44917.028073
-99.836821,1,44917.311978
137.501813,30,44919.411267
-115.600518,300,44936.854307
164.993872,62,44940.464198
118.742974,52,44943.498734
139.71735,35,44947.067408
186.740779,70,44952.503968
200.526691,103,44960.280585
205.691137,112,44968.913386
-179.968775,17,44971.892479
185.042559,75,44977.336294
277.7136,82,44983.936041
194.432132,79,44990.339366
75.748921,300,45008.569739
156.541347,41,45011.128032
36.986455,68,45016.99287
-100.04566,1,45019.055057
-100.046115,1,45021.132182
181.152458,54,45026.073368
-57.230468,80,45032.618834
-100.080823,1,45034.717476
-99.692973,1,45036.817883
-100.055449,1,45038.916322
-57.36676,7,45041.340353
-99.649083,1,45043.400542
-84.536009,116,45051.911959
-100.324497,6,45054.27434
-100.024803,12,45056.975846
-100.06222,1,45057.478877
168.994538,52,45060.758543
153.185154,124,45068.440389
-100.056777,1,45069.788572
230.305562,97,45075.626278
213.903524,92,45082.15658
220.923899,44,45086.646095
234.988041,104,45094.541412
263.336299,85,45101.320537
209.454151,40,45103.883621
147.670398,33,45107.768435
221.049831,170,45119.297686
223.956275,71,45125.273097
112.645974,13,45128.031074
166.137958,46,45131.502686
-8.406285,91,45138.754326
59.151328,300,45155.660894
186.335238,51,45160.54222
185.018498,79,45165.164278
161.958863,50,45170.007052
217.320142,83,45175.34985
154.866183,38,45177.628976
-3.697542,83,45184.044874
-77.726578,10,45186.633165
-300.26202,2,45188.687884
-45.344066,52,45193.539131
-22.618476,300,45210.253488
-38.485422,196,45221.73831
-100.102689,1,45223.81361
149.010448,36,45227.44372
208.364406,63,45231.384228
184.1743,54,45235.78032
141.289947,33,45238.62086
218.889728,81,45244.81571
249.24247,94,45250.08555
190.8966,58,45255.35098
138.503469,22,45258.599638
126.184402,20,45261.00114
208.741827,78,45266.364532
127.922231,21,45269.582333
122.462131,110,45277.758746
-61.990161,127,45287.27436
169.554142,58,45290.652938
169.242842,50,45293.880788
-100.364153,1,45294.052478
131.107486,83,45298.855417
153.060929,35,45301.484713
194.085081,62,45306.843813
150.662724,52,45310.406552
205.069802,87,45316.53181
-100.098146,1,45318.116554
212.326583,77,45322.593792
-100.019901,1,45322.937442
-16.592702,300,45340.553076
197.141837,82,45346.918409
-2.96561,300,45364.184928
195.592694,86,45369.032942
-30.496212,24,45372.428297
119.47236,17,45373.468692
196.568424,72,45378.679217
218.07003,86,45383.650576
211.463243,83,45389.744026
162.010391,46,45393.075097
222.904827,92,45398.858931
55.83187,300,45416.175481
237.710273,99,45422.441867
-60.177723,72,45427.824547
169.005001,52,45430.846146
255.306203,109,45437.721987
27.236992,73,45442.026787
-86.029119,48,45446.155034
-105.826959,267,45461.107971
111.619783,11,45462.403834
167.692141,80,45467.896571
232.139798,141,45477.81612
-84.136936,24,45480.010107
-73.030003,263,45494.803541
243.505136,104,45502.089089
197.264082,91,45507.626797
-62.700412,2,45509.770336
-100.003693,1,45511.841751
124.452652,35,45515.838306
198.986105,76,45521.222
202.285791,77,45525.963535
201.387846,118,45532.609306
174.775618,57,45537.323421
228.865708,91,45544.509426
204.100761,69,45549.656091
240.047214,101,45556.01602
32.114785,300,45575.2741
-100.072937,1,45575.96572
167.828026,55,45579.997206
-100.348696,5,45580.396435
158.988894,43,45582.996902
246.703105,97,45589.996382
166.515187,61,45595.450758
-294.611194,13,45598.192968
2982.677779,163,45609.381526
138.963288,37,45611.846034
124.240954,16,45613.471793
111.563831,13,45614.313132
-100.064188,1,45614.435388
-331.615892,2,45615.403711
-99.870661,1,45615.777722
136.39218,25,45617.232959
141.139245,30,45619.020645
-99.802197,1,45620.429291
-99.799592,1,45622.521967
-99.957014,1,45624.239403
177.623109,82,45629.102875
-99.420309,1,45629.496982
-100.078617,1,45631.586496
251.530956,123,45640.43694
-61.224068,192,45651.470554
-40.856637,1,45652.566219
-100.305513,1,45654.65553
-100.155998,1,45656.749705
215.612881,72,45662.152451
250.501177,122,45670.966149
148.056707,36,45673.030233
166.195074,52,45676.149215
128.010859,39,45678.776112
209.300986,75,45684.25474
206.605111,116,45690.780369
-13.372562,8,45693.275191
-100.143959,1,45695.368586
213.162675,73,45699.908963
-100.209668,4,45700.582441
184.645627,65,45706.285508
-99.923179,1,45706.960836
-47.975891,130,45714.327132
-90.162207,144,45723.346618
-99.509861,1,45723.62852
-99.504569,1,45725.71912
-99.745524,1,45727.809947
-100.06071,1,45729.901068
-94.836539,8,45731.634654
194.606255,75,45736.195427
136.052868,23,45738.317816
141.451508,51,45741.384095
190.974112,64,45745.474905
201.517596,70,45749.687954
-100.018658,1,45749.801714
203.667192,65,45753.696338
24.179261,153,45763.984679
-100.102829,1,45766.071605
137.572289,30,45768.766977
197.63866,80,45774.279363
192.675324,59,45777.821984
164.947888,56,45781.078726
117.582825,195,45792.26613
178.111721,119,45799.421554
-100.105455,1,45799.593405
-100.160586,1,45799.715853
199.919064,75,45804.31426
251.416147,111,45812.168277
227.497402,79,45818.694189
255.123493,111,45825.113062
246.463506,162,45836.257256
-69.07775,32,45838.973574
-89.672156,15,45839.881209
-100.075924,1,45841.992476
224.042732,86,45848.101629
151.426327,119,45856.884298
181.396317,51,45859.875505
114.700574,13,45861.179758
-100.074993,1,45861.351986
136.952179,46,45865.992311
-99.863886,1,45866.806576
174.474624,58,45870.922065
90.157723,300,45887.969496
185.705145,73,45892.14618
141.728171,31,45894.049556
-9.487715,110,45900.539561
22.856582,300,45917.568126
117.089077,19,45919.736077
225.364279,85,45924.705371
-99.994524,1,45924.822332
-100.195987,1,45926.911834
-100.112489,1,45929.016229
-100.087929,1,45931.12599
-99.964147,1,45933.232337
-100.177057,1,45935.306226
-100.157982,1,45937.391052
-90.286175,64,45943.102969
-100.070358,1,45943.275233
150.710568,36,45947.277536
-78.668453,52,45950.285237
-89.777449,50,45953.338066
130.824824,61,45957.30525
181.136255,60,45961.663476
198.57608,75,45966.01095
179.736936,58,45970.489367
-80.55814,258,45985.780547
-11.385232,115,45993.053378
226.221056,93,45998.348746
143.972714,31,46000.166147
-99.682271,1,46000.906932
-100.100989,1,46002.96709
159.584424,116,46011.692057
195.373607,65,46015.782991
141.169001,47,46019.534075
163.102175,108,46027.598341
-90.579798,56,46032.517833
-103.035956,2,46034.661883
-100.361167,4,46036.920715
212.264756,140,46046.793667
168.152766,145,46056.927306
241.223847,51,46061.811788
77.607921,300,46080.555701
180.031066,78,46086.964756
167.267854,53,46090.145093
149.907163,74,46096.292531
134.326039,27,46098.461136
-51.844027,80,46103.248102
116.982807,37,46105.424935
-99.801862,4,46107.683846
-100.063401,1,46109.770627
-100.098883,1,46111.854486
-100.087421,1,46113.943966
-100.079212,1,46116.02649
-100.072226,1,46118.105355
-100.139076,2,46120.248355
119.049778,18,46123.299518
-100.303651,1,46125.399521
106.257369,10,46127.97285
168.081816,45,46132.542443
171.724516,34,46136.498372
185.182354,62,46142.034888
244.594145,122,46150.881588
136.542346,28,46152.621696
170.622363,54,46157.699018
-100.146416,1,46157.877432
133.529067,25,46161.238151
164.295291,59,46165.557428
194.245774,86,46172.384419
256.008721,57,46177.607163
255.307553,198,46191.02032
104.286912,8,46193.495833
167.486898,52,46198.450164
-177.808235,4,46199.913601
-100.074488,1,46201.996387
-99.561805,8,46204.480942
202.147631,74,46210.675594
182.765422,87,46217.61482
208.638687,236,46232.91328
172.934625,49,46237.707351
211.419741,100,46245.335556
-99.590259,1,46245.671596
219.240432,90,46252.093776
100.075316,94,46258.554632
-11.287185,300,46277.201045
-100.065816,1,46278.721526
-100.081809,1,46280.808064
159.449923,85,46287.628917
212.168571,80,46294.181448
138.445957,186,46306.653881
159.910268,43,46309.709971
187.809406,59,46313.556519
-20.715708,300,46330.341793
164.436741,48,46335.088223
-28.798965,48,46339.830373
-100.111619,1,46341.920237
-99.661199,1,46344.008977
-194.967752,51,46349.067222
116.020016,11,46349.756707
119.965937,16,46350.739259
194.671602,79,46355.304449
-100.186825,1,46355.94206
-100.221078,1,46356.06531
-18.654692,300,46373.771304
182.879264,58,46377.167639
251.304586,55,46381.026174
201.717491,108,46387.714265
152.261906,34,46389.88921
-100.058065,1,46391.473262
251.535729,104,46398.430057
-6.759671,91,46403.576563
269.25999,50,46408.421803
-218.203739,1,46410.486152
157.800537,37,46412.931945
235.277857,98,46420.190811
207.144568,89,46425.306056
133.558898,31,46429.079685
256.927348,163,46440.249332
114.884401,300,46459.01325
-100.306264,5,46461.324206
-100.077488,1,46463.409723
146.623118,33,46467.312658
149.918351,55,46471.515474
83.013335,300,46490.073413
-99.99709,1,46490.297978
166.972744,42,46492.753075
151.389098,45,46495.580501
175.453779,50,46498.73668
151.950713,39,46502.34966
145.909878,30,46504.485509
161.175053,47,46507.689723
-53.608736,13,46510.480913
-100.117399,1,46512.57275
-100.072733,1,46514.665264
-100.080481,1,46516.751872
-185.957881,31,46520.529595
236.40865,67,46525.209456
123.131221,23,46527.622101
187.293971,74,46533.823425
192.932233,57,46539.047316
127.763618,25,46542.489616
122.39536,161,46553.507762
-100.115008,1,46554.355905
-100.101822,1,46555.216366
-100.315377,1,46557.293168
209.641021,82,46562.408298
186.772759,31,46566.166645
160.617817,49,46570.937604
-27.541584,166,46581.194505
164.396342,66,46585.420291
195.900863,132,46594.83662
-74.814283,44,46599.35327
-100.053554,1,46601.442728
-105.811194,33,46605.348469
-100.119594,1,46607.436611
155.439571,46,46610.560188
195.196116,94,46617.816415
-174.737342,32,46621.643843
221.227837,81,46626.21742
-20.222417,300,46643.452487
37.375955,8,46645.936702
-100.238761,1,46648.050734
-100.162548,1,46650.144566
213.229812,71,46655.573311
253.891168,93,46661.513654
154.263266,81,46668.050215
-35.649415,23,46671.388578
-99.867937,1,46673.482426
102.138145,7,46675.223788
183.441405,9,46675.896887
207.670918,85,46682.553986
154.021951,67,46688.332
163.069481,50,46693.17709
183.473366,54,46698.242276
250.294822,145,46708.412472
-100.269031,5,46710.726603
-99.428446,1,46712.815642
148.996946,91,46719.968025
163.288187,197,46731.165145
194.32908,69,46737.103725
-100.037047,1,46739.213111
251.255826,101,46745.99588
-99.739406,1,46746.611497
144.09232,31,46749.065452
159.893739,49,46751.902214
216.836537,87,46757.464617
-37.018366,123,46766.365665
-100.103877,1,46768.443157
218.718733,121,46776.62268
164.233626,75,46782.843345
149.507338,37,46786.435709
159.544448,87,46793.371747
-100.076788,1,46794.170297
218.74797,113,46801.863167
271.784036,82,46807.149356
228.671885,93,46813.31461
71.160456,300,46830.713992
228.091305,91,46836.108744
99.702656,32,46839.91613
196.553807,79,46845.226812
133.666269,34,46848.192401
134.041527,26,46850.935927
172.026723,51,46854.117599
129.795688,28,46856.860905
188.654669,83,46861.76711
119.114262,20,46863.280103
142.914066,37,46865.743339
166.489196,45,46868.363854
-112.786543,68,46874.251509
176.3451,73,46880.366239
164.179013,43,46883.388964
283.997182,25,46885.407259
262.804744,87,46892.283293
-70.606392,14,46895.10743
144.688928,41,46897.517797
201.000427,79,46903.32868
136.969644,30,46905.904236
-129.220109,6,46908.281356
-100.015563,1,46910.337554
2176.116513,1,46912.398998
-99.517823,1,46914.489739
-100.055979,1,46916.637763
-99.880648,1,46918.720686
-21.463197,18,46921.744325
-179.939553,17,46924.744367
-99.632527,1,46926.839939
206.094896,112,46935.124974
196.662759,61,46939.48158
-100.048274,1,46940.568083
-100.241249,1,46941.019282
17.318573,300,46957.969546
229.322685,82,46963.275749
164.916,55,46968.309072
233.758433,18,46971.346166
196.651514,81,46977.330591
182.262071,111,46984.968723
183.017678,83,46991.469373
154.409261,55,46996.63318
-47.521799,75,47002.087
-100.124149,1,47004.172928
-100.070866,1,47006.258125
187.349684,56,47011.459817
209.97482,71,47017.471002
136.018075,30,47021.190327
134.232644,46,47025.813656
13.831227,300,47044.761416
142.028284,80,47051.261711
-99.872141,1,47051.385193
-55.769841,48,47054.554869
-100.059424,1,47056.63563
-100.072724,1,47058.71648
-100.147835,3,47060.908962
-82.5204,300,47079.632271
-100.094319,1,47080.026609
-100.113932,1,47082.116079
179.131236,59,47086.941628
177.63147,59,47092.288507
204.053696,77,47098.652507
115.649363,49,47103.434603
-114.211432,28,47107.038597
-100.053972,1,47109.122133
-100.111919,1,47111.206586
152.037193,44,47115.732075
126.607023,29,47118.702951
-99.960713,1,47118.815717
179.921643,66,47123.452989
-7.48117,93,47130.736053
215.263668,82,47137.397627
133.595847,26,47140.897637
116.086345,14,47143.719492
208.8598,53,47148.743864
211.458649,119,47157.481802
-100.186248,2,47158.948481
-100.071149,1,47161.034579
137.588964,43,47165.467229
144.225796,42,47169.871531
183.801468,120,47178.867352
237.429589,128,47187.948522
252.740541,122,47196.853395
82.646364,300,47214.448565
190.863444,73,47218.603255
178.891854,51,47221.84865
169.495056,54,47226.158914
170.154787,51,47229.050233
146.118802,82,47233.913559
285.869249,96,47241.332202
-221.062361,1,47242.211534
128.487796,22,47243.666687
166.36827,34,47247.612329
-89.082417,13,47249.024865
-100.331996,6,47251.396622
162.097834,37,47255.504943
-87.482952,26,47259.010691
197.175196,67,47263.317731
212.332067,84,47270.096097
230.86561,139,47278.10341
201.423379,73,47282.908362
-100.357373,6,47283.922338
-100.092286,1,47286.014229
151.849264,39,47288.305623
-100.088397,1,47289.210268
149.327754,42,47291.99043
183.360452,112,47300.307676
-100.057992,1,47302.110971
187.049414,61,47306.074098
201.224417,79,47312.570879
-177.068752,67,47318.401119
-99.373671,1,47320.495423
-100.101411,1,47322.591233
-99.951836,1,47324.684142
-92.195633,9,47327.209354
185.912205,95,47334.577214
280.629087,89,47339.756532
-100.016868,1,47339.929535
237.632723,88,47345.248584
-3.622608,300,47362.197938
233.589452,102,47369.689893
232.810045,93,47375.925918
129.529908,28,47378.10778
0.202707,300,47396.834342
-100.073175,1,47397.348809
122.829791,16,47399.551663
-92.214834,154,47408.269265
262.409791,110,47414.537497
159.397057,40,47417.106526
241.018883,14,47419.926901
164.344561,55,47423.844355
170.67955,58,47427.586045
-91.394328,19,47430.694199
195.028564,55,47435.777323
260.958066,69,47441.631824
-100.27244,4,47443.084158
105.946769,9,47443.872972
-11.631708,300,47460.94989
215.93446,128,47470.113261
-61.757245,106,47478.20062
-99.833983,1,47480.293826
141.920007,35,47484.289342
143.011645,32,47486.18962
-100.055866,1,47486.643962
-100.050917,1,47488.745852
188.498123,61,47492.381369
190.411988,73,47496.751455
193.802796,78,47503.134142
-94.480303,291,47521.434355
168.364872,111,47528.184922
115.75301,84,47534.943092
190.201139,58,47540.004934
140.013538,34,47543.941761
173.032946,47,47547.063454
-9.554804,71,47553.032254
-99.626888,1,47555.115265
-100.056606,1,47557.198046
-106.5824,40,47561.509289
-100.058119,1,47563.600431
-100.071184,1,47565.692657
-100.087063,1,47567.79474
174.214661,49,47571.789937
184.488984,134,47581.392052
203.131022,108,47587.757312
120.889267,16,47589.277498
196.043999,71,47593.662406
-100.053458,1,47594.056903
168.532541,47,47597.894533
-99.944814,1,47599.330287
-100.185697,4,47600.214418
156.918569,47,47604.167875
239.604045,94,47611.467712
103.533106,4,47612.030445
132.607416,25,47614.221775
182.1552,53,47618.769993
169.327047,47,47621.572127
102.564382,106,47629.571509
148.150045,43,47634.051263
146.787486,34,47637.770649
-100.218896,1,47639.263194
-108.183821,33,47641.210692
-100.110339,1,47641.817209
175.001956,73,47646.425304
151.757057,36,47648.606718
214.188,79,47653.803359
208.227681,74,47658.101672
190.047604,102,47665.858669
146.256194,36,47667.937252
167.171523,51,47671.021895
205.722906,78,47675.617485
120.130838,14,47677.527914
-93.481864,57,47681.907579
-100.360176,7,47682.585613
-97.707658,28,47684.38349
118.260606,32,47687.372677
-106.193237,1,47689.475503
-243.127348,2,47690.736805
-100.038419,1,47691.463068
-100.068314,1,47692.223922
129.15578,28,47694.714372
158.767137,42,47698.131234
-100.326329,5,47698.859616
221.494214,88,47704.063812
-89.538606,11,47706.723896
119.60747,67,47710.596969
-92.460577,193,47723.45891
-100.058952,1,47725.556183
-214.598243,1,47727.609032
-8.077898,82,47732.556752
-100.067303,1,47733.123243
213.345775,82,47739.35028
231.645391,25,47742.797395
230.369833,90,47748.231619
204.13511,80,47754.281646
182.409591,68,47759.998576
168.585505,60,47765.425284
224.601534,85,47770.633657
198.627995,68,47775.908388
-80.922077,38,47780.106538
-44.393672,38,47784.295307
139.957346,20,47785.871078
-99.871238,1,47786.403924
253.113334,126,47795.412425
225.470614,147,47805.84792
241.407422,102,47812.896093
176.220409,79,47817.728239
-100.065354,1,47818.301727
2.716843,183,47828.833638
237.818578,108,47835.137939
-215.151071,1,47835.677467
720.947396,75,47840.067638
128.701394,25,47841.710085
-58.268923,6,47844.095074
191.280953,63,47848.646972
263.500033,72,47854.718908
-41.930116,170,47865.841286
103.506765,54,47869.592719
166.890384,70,47875.563352
179.926213,61,47879.555678
203.905316,83,47884.266781
132.185671,55,47888.984173
-51.375645,86,47894.460886
104.793359,10,47895.586055
-70.579915,16,47898.527047
136.386238,37,47900.76397
216.030874,90,47905.85519
-98.3242,146,47915.577892
-100.08112,1,47917.676862
-100.064951,1,47919.779343
-132.948992,25,47923.235324
208.673004,87,47929.684932
199.584012,64,47934.054157
217.979243,14,47936.879286
155.828495,38,47939.065455
85.065031,300,47958.103455
153.854811,46,47960.783832
200.546037,82,47965.44393
-11.86971,95,47971.082977
-104.930409,149,47979.827486
-100.302448,1,47979.947635
94.709799,300,47997.618979
212.268406,75,48002.039285
142.522558,39,48004.283265
-100.163073,1,48004.684417
155.106184,34,48006.946661
109.929225,8,48007.472929
207.657345,71,48011.587491
-271.430375,2,48013.197292
-103.32491,1,48015.266983
183.953844,60,48020.106822
198.109701,67,48025.78052
237.442838,11,48028.440654
228.147679,102,48036.185471
-99.909889,1,48036.548689
-99.969888,1,48037.026398
-100.040116,1,48039.129464
-100.067116,1,48041.191571
-99.894634,1,48043.297564
-29.917349,31,48047.072655
-100.059999,1,48048.666591
230.133945,85,48053.465652
188.825463,64,48057.765311
239.115898,96,48064.392518
156.729649,49,48069.063938
160.657248,54,48074.082499
210.703267,99,48081.641695
174.104086,84,48088.358643
-22.021429,79,48093.626183
-99.896331,1,48094.761353
202.24348,72,48098.894221
-48.014172,69,48105.151703
188.399035,69,48109.219037
124.151669,27,48110.971227
235.634164,72,48115.320551
149.649703,91,48122.459151
202.444137,85,48128.728761
239.783788,89,48134.09134
234.477531,51,48139.002638
202.088971,89,48146.030791
171.582972,49,48149.834092
-83.05783,34,48151.863849
-4.018389,300,48169.600521
165.395715,53,48172.789722
184.535145,56,48176.148993
34.240533,300,48193.658884
-31.693053,1,48193.941944
-93.808697,5,48194.903389
197.643439,63,48198.65108
228.951584,83,48203.522673
228.94343,82,48208.493589
-73.504847,35,48212.494289
26.707165,300,48229.683126
193.505216,72,48235.043887
179.454946,37,48239.757575
226.899571,88,48245.55922
160.843465,69,48249.799044
243.323477,101,48256.067737
110.641702,11,48256.815305
-99.869506,1,48257.037314
-100.006251,1,48259.20384
158.968589,53,48262.634765
-42.350864,52,48266.269283
-50.725238,50,48269.405149
-60.693246,43,48272.446578
228.075699,91,48278.007794
204.816488,85,48282.814579
56.025606,90,48289.869507
-87.320543,50,48292.822865
201.776199,74,48297.690958
-76.612884,210,48310.007544
-99.364292,1,48311.760807
-99.888875,1,48313.848783
-99.593237,1,48315.932246
-36.04472,21,48319.158126
148.118932,115,48326.946662
-210.551087,1,48328.668261
156.924117,45,48331.312491
-34.242971,124,48340.275518
130.752031,30,48342.569479
-111.868621,1,48343.358046
-99.690722,1,48343.67891
196.683747,85,48349.678053
4.108928,117,48358.242885
-100.058525,1,48360.338573
161.848483,48,48364.891072
119.556361,14,48366.692686
186.103594,69,48370.60607
192.963765,85,48375.649546
-99.49374,14,48376.812605
-76.23022,41,48380.80382
231.145688,89,48385.933438
-88.867666,28,48389.521822
185.538666,73,48393.979257
206.347253,68,48397.926946
105.299319,12,48398.933434
-68.616568,47,48402.017261
-100.071787,1,48404.105924
139.665225,36,48407.864576
-69.11351,28,48411.112665
174.343608,79,48415.784375
-100.058107,1,48416.0099
246.486962,124,48423.392664
137.442254,91,48430.505158
-79.259984,22,48431.790667
-99.417161,1,48433.879255
-93.993845,28,48435.844455
209.768466,64,48441.472363
108.103957,6,48443.336575
-8.743067,300,48461.097762
169.184712,58,48466.098803
-100.056409,1,48466.492534
-100.093268,1,48467.852921
143.05083,31,48471.170434
155.338185,39,48473.57243
200.5285,66,48477.769053
146.618838,43,48480.233475
190.039126,51,48485.131847
190.829199,127,48493.191583
155.923021,47,48496.033482
204.634961,84,48501.180698
137.894815,36,48503.578889
37.766697,300,48520.905264
188.204577,61,48524.483984
215.127989,89,48529.963081
-72.844472,75,48536.251244
163.529862,64,48540.025636
-55.144981,101,48546.116349
142.057471,31,48548.302742
218.961965,102,48554.569283
202.351532,66,48558.437531
35.064919,300,48575.899225
-5.842539,51,48578.975314
-100.094367,2,48581.135567
152.241431,95,48588.501227
166.688114,43,48592.967747
-149.852744,1,48594.716622
160.491339,49,48598.976539
-99.887322,1,48599.709456
-99.714916,1,48601.801705
202.087496,69,48606.49911
286.132273,72,48612.569079
208.902337,81,48618.38114
222.441952,82,48624.586337
168.353664,51,48628.049664
-100.001726,1,48629.644554
93.562126,300,48647.320722
222.599247,60,48652.712896
226.941855,95,48660.076758
-9.546746,74,48664.932793
170.749406,81,48671.319664
206.465675,71,48676.120652
176.633407,107,48683.110673
-100.059045,1,48684.943971
-100.079291,1,48685.791582
-242.998406,1,48686.282881
74.561566,300,48703.730874
202.993707,71,48707.762809
147.856805,36,48710.014953
142.144961,36,48712.485526
216.882301,78,48718.654848
122.914216,21,48720.620315
182.992311,65,48724.760347
9.935927,300,48741.54728
231.896755,66,48747.291865
127.55378,23,48749.088848
142.017339,33,48752.744934
174.779801,73,48758.900145
199.127861,68,48762.757656
251.158174,43,48767.214226
151.360795,39,48769.785671
215.81181,85,48774.979929
242.012636,116,48782.140788
137.12882,34,48784.607126
210.944463,81,48789.710638
209.490653,98,48796.543085
183.522591,68,48800.630685
202.128611,176,48810.913525
142.276463,222,48825.615671
232.574868,83,48830.792732
146.340316,42,48833.476543
180.158576,55,48837.276135
218.678094,101,48844.324327
110.781764,11,48845.838923
139.301769,30,48849.565817
219.233705,78,48856.011671
116.107187,33,48859.896127
198.098003,86,48866.762369
38.672557,300,48885.507655
-97.241579,38,48889.693054
-273.10954,46,48894.305394
128.487715,18,48895.923909
224.034482,88,48901.227902
137.967276,28,48902.964405
160.038195,46,48907.518641
205.638729,87,48914.433615
146.020203,90,48921.51959
276.911355,31,48925.294974
-94.545619,26,48927.542214
214.901576,88,48932.919943
159.198768,39,48935.891829
128.411327,20,48937.410346
144.316003,35,48939.764352
-99.540299,1,48941.795822
220.069849,81,48946.995861
276.697529,80,48953.493997
-100.112905,1,48954.059272
-100.192273,1,48955.099067
145.881158,34,48957.878097
175.290755,68,48963.721936
-183.380071,4,48964.169998
-99.396904,1,48966.265345
220.365907,58,48971.571808
129.025635,35,48974.31258
-100.061966,1,48975.90058
-100.068873,1,48977.995127
-86.781544,28,48981.627989
123.06801,26,48984.670958
-99.361452,1,48985.344252
189.679611,101,48991.620193
185.118032,59,48995.228584
-100.065851,1,48995.797312
-99.994702,1,48997.338845
214.466403,75,49001.810567
194.581296,69,49006.080373
192.736126,84,49011.534719
129.709371,21,49014.760715
117.769785,12,49016.452748
155.574012,197,49029.514961
192.909487,82,49034.773244
170.229141,53,49038.01623
136.254769,40,49040.872598
135.781101,30,49044.588821
-86.438653,132,49052.223618
-101.44315,153,49061.559854
-100.097563,2,49063.713942
176.375839,52,49068.664447
197.119169,83,49073.629506
-96.445847,38,49076.537303
-100.105748,1,49078.628967
137.654479,32,49080.820707
207.692645,147,49091.130867
233.646967,92,49097.282025
183.719953,63,49101.128317
147.909181,37,49104.942167
-16.800624,300,49122.414503
-99.366445,1,49123.55315
-100.231905,1,49125.64545
-73.031762,20,49128.812259
-100.075422,1,49130.897318
-100.088133,1,49132.993815
194.654425,93,49140.233357
217.736649,99,49146.335684
180.762598,58,49149.874318
245.782422,93,49156.323471
280.276459,101,49162.280217
142.280693,38,49164.582861
-100.062256,1,49166.514472
-100.076007,1,49168.615976
-100.058915,1,49170.710391
-100.231792,1,49172.805997
-99.771498,1,49174.901192
137.014896,34,49178.86919
-100.077529,1,49180.963395
204.264837,124,49190.163448
-100.101089,1,49190.503124
158.125555,44,49193.321239
-19.24715,70,49198.819597
-35.628067,84,49204.35212
-100.109166,1,49206.436146
-19.4289,300,49223.655903
131.148173,25,49225.563431
219.789397,77,49231.089402
-89.640256,5,49233.402547
176.919313,110,49241.618852
168.165612,51,49246.513017
157.681041,40,49249.469338
242.632044,98,49256.983284
150.850637,38,49260.904189
-99.704342,1,49261.409097
97.422786,300,49279.025576
187.093396,69,49284.919277
140.889825,30,49288.64851
144.949512,35,49292.183462
-98.883224,35,49294.302351
205.608732,81,49299.547233
-99.487014,1,49299.715751
-100.361514,1,49300.401857
142.537579,104,49306.984664
-100.126276,3,49307.319216
-100.069776,1,49309.40584
-100.07758,1,49310.251778
129.502015,28,49312.154527
174.409007,52,49315.229336
-100.102982,1,49316.158445
156.425713,78,49321.686118
202.700656,76,49327.690598
252.201126,108,49333.836967
132.027325,26,49337.350426
-100.300722,1,49339.422132
-94.050932,165,49349.756671
-100.648598,9,49352.293561
185.547737,78,49358.672866
217.772528,85,49363.577083
199.102274,69,49369.495541
177.188699,96,49376.954783
-4.715911,68,49382.800403
-100.416888,1,49384.093256
194.656006,64,49387.881626
-100.078161,1,49389.062691
-100.064944,1,49391.147854
-99.435138,1,49393.231802
-100.046439,1,49395.371663
-52.691988,24,49398.739607
165.676602,50,49403.591752
31.454234,300,49422.341087
-99.947505,1,49423.354825
157.307066,25,49426.274746
140.508252,29,49429.928324
129.245565,24,49431.542439
240.421905,92,49437.971749
240.111215,181,49450.102047
-65.547959,11,49452.755167
232.06193,84,49458.444793
214.80906,98,49465.652025
-63.699991,25,49469.7464
-109.146265,1,49469.843131
201.643207,66,49473.726827
123.617531,21,49475.029821
116.752214,46,49477.714832
170.914113,81,49484.285905
147.338971,34,49488.243314
221.889741,39,49492.456658
196.710724,67,49497.949622
233.787466,88,49504.881798
-100.091985,1,49505.167527
174.813453,145,49514.142487
126.48425,21,49516.1621
200.72101,98,49523.66894
144.051736,27,49527.230156
144.506262,75,49532.307898
168.090143,47,49535.049651
229.371302,82,49541.543446
231.014597,100,49548.579952
198.459774,66,49554.229169
212.682102,77,49560.562171
144.029438,48,49565.276958
203.669498,69,49570.353683
210.363819,82,49575.03327
169.116843,52,49578.434921
262.148408,34,49582.361021
127.752299,56,49585.643986
214.935798,78,49591.164813
-99.764936,1,49592.739709
176.445029,68,49596.655066
-100.036623,1,49597.72512
-100.230759,1,49599.816409
215.310236,79,49606.068762
-223.565445,2,49607.942448
172.806515,49,49611.585805
136.847435,157,49622.382208
165.895105,52,49627.335661
-231.974218,5,49629.656564
159.966222,46,49632.699258
-47.919824,157,49641.772148
-100.133046,2,49643.91326
152.818475,30,49646.605563
213.959932,126,49653.935587
142.434232,31,49655.723637
195.861437,64,49661.331724
189.820349,60,49664.733235
38.987549,51,49669.655973
104.464727,4,49671.604639
206.202068,107,49677.630836
168.368402,52,49681.663059
139.770697,27,49683.727544
141.649746,26,49687.229292
184.759835,64,49691.986097
201.185186,81,49697.802311
213.656226,108,49704.110762
178.688917,63,49709.092325
186.307307,74,49713.6221
174.688498,89,49720.63746
138.058141,26,49723.15463
116.425117,20,49724.381079
250.990236,113,49731.190595
122.82624,20,49734.359249
275.470756,88,49741.331797
237.963366,81,49747.908558
-100.205451,2,49749.431988
144.491047,33,49752.349701
192.523484,103,49759.606038
234.546859,91,49765.418314
-50.309337,218,49777.910476
-75.419168,206,49789.738288
165.924753,65,49794.03932
164.031877,52,49797.141771
147.022134,37,49800.794099
143.38399,87,49807.705284
176.383306,57,49811.678507
-46.101478,103,49818.047794
-99.626867,1,49820.136225
107.36345,115,49828.608391
-132.800171,17,49831.608781
-100.559846,11,49834.267842
169.130647,88,49841.17228
233.54995,97,49848.384029
-99.898756,1,49849.113161
-100.579161,9,49849.669207
161.039199,62,49854.262106
175.025068,52,49857.782721
214.063812,93,49863.363524
172.403978,56,49866.937955
134.658062,38,49871.100787
-99.804798,1,49872.216719
-171.184862,1,49872.949155
-100.12385,9,49875.364172
179.944716,63,49879.108238
233.285128,89,49884.355399
326.559043,87,49891.248379
170.0392,44,49894.094666
-116.956917,25,49897.551036
-99.905245,1,49899.652571
-100.063127,1,49901.745424
-100.039854,1,49903.606722
-100.353978,7,49904.648207
219.707381,78,49909.107731
175.834127,114,49917.49497
-83.277679,1,49918.115068
124.867693,33,49920.540149
-100.134954,1,49921.107095
209.508328,69,49925.331333
121.564336,16,49927.249691
141.638626,27,49929.500263
228.215751,20,49931.071825
167.37781,43,49935.113428
158.640899,39,49937.522917
135.268617,28,49939.315295
193.087214,87,49945.295491
224.948478,83,49950.497673
258.284177,125,49959.560171
28.446574,300,49978.34617
150.507315,125,49987.378078
146.308186,31,49989.838674
159.080792,59,49993.812742
211.360453,76,49999.029136
-100.126215,1,49999.761608
-100.279922,1,50001.868551
124.971824,19,50004.812354
136.367408,39,50007.950952
107.716948,35,50011.954378
114.869489,11,50013.703414
-100.123817,1,50014.723646
-100.19515,1,50015.186967
-100.083432,1,50015.759973
209.390518,82,50021.923779
188.265199,76,50028.221328
132.732698,37,50032.348712
-81.268055,31,50036.144046
-100.096112,1,50038.234022
153.693592,37,50041.21151
160.600405,117,50047.843297
-100.154133,1,50048.800447
-100.104619,4,50049.549705
-100.06371,1,50051.133376
-30.081673,1,50053.224477
-109.962972,1,50054.731086
143.871882,32,50056.572138
191.554418,64,50060.81967
85.745258,300,50079.588718
111.523723,26,50083.082195
163.52734,51,50086.048976
-98.576049,1,50086.879044
212.535589,89,50091.901231
140.360418,30,50094.084897
-19.990785,10,50096.679816
181.453948,62,50100.418787
195.253633,74,50105.872109
252.917077,105,50111.953984
-20.72222,300,50130.519783
-100.540519,1,50131.594995
130.025914,54,50134.841311
140.936039,37,50136.965158
-76.679617,31,50140.758851
173.641298,71,50145.631169
128.704161,25,50147.091545
-133.948774,11,50149.753642
193.396002,79,50154.337184
248.197463,24,50156.977401
-100.386617,1,50158.445885
99.920784,1,50159.411323
-16.154998,300,50177.25887
-100.235736,1,50178.571318
232.821182,108,50185.288626
143.40196,118,50193.935732
274.600407,40,50198.206194
-100.094404,1,50198.486705
181.974298,42,50201.247388
-99.985201,1,50201.425275
182.360298,53,50204.870707
-64.294323,94,50210.616206
176.882205,56,50214.123116
222.658153,83,50219.880233
184.831538,66,50224.063456
106.309121,101,50231.574819
